# First compile — downloads the ESP-IDF toolchain
# Date: 2026-09-11T21:35:19-04:00
# esphome 2026.8.2

$ esphome compile smart-atx.yaml
INFO ESPHome 2026.8.2
INFO Reading configuration smart-atx.yaml...
WARNING GPIO2 is a strapping PIN and should only be used for I/O with care.
Attaching external pullup/down resistors to strapping pins can cause unexpected failures.
See https://esphome.io/guides/faq/#why-am-i-getting-a-warning-about-strapping-pins
INFO Core config or version changed, cleaning build files...
INFO Generating C++ source...
INFO Setting CONFIG_LWIP_MAX_SOCKETS to 12 (TCP=6 [api=3, captive_portal=3], UDP=3 [captive_portal=1, mdns=2], TCP_LISTEN=3 [api=1, ota=1, web_server_base=1])
INFO Downloading https://dl.registry.platformio.org/download/esphome/library/noise-c/0.1.21/noise-c-0.1.21.tar.gz ...
INFO Downloading https://dl.registry.platformio.org/download/esphome/library/libsodium/1.10021.4/libsodium-1.10021.4.tar.gz ...
INFO Compiling app... Build path: /home/miswired/Multiverse/esp-light/.esphome/build/smart-atx
INFO Discovering available ESP-IDF components...
INFO Checking ESP-IDF 5.5.5 framework ...
INFO Downloading ESP-IDF 5.5.5 framework ...
INFO Extracting ESP-IDF 5.5.5 framework ...
INFO Patched /home/miswired/.cache/esphome/idf/frameworks/5.5.5/tools/tools.json to skip installing tools ESPHome does not use (openocd, gdb, ULP toolchains).
INFO Installing ESP-IDF 5.5.5 framework ...
INFO Downloading xtensa-esp-elf@esp-14.2.0_20260121 (1/2) ...
INFO Downloading esp-rom-elfs@20241011 (2/2) ...
Updating /home/miswired/.cache/esphome/idf/idf-env.json
Selected targets are: esp32
Current system platform: linux-amd64
Installing tools: xtensa-esp-elf, esp-rom-elfs
Installing xtensa-esp-elf@esp-14.2.0_20260121
file xtensa-esp-elf-14.2.0_20260121-x86_64-linux-gnu.tar.xz is already downloaded
Extracting /home/miswired/.cache/esphome/idf/dist/xtensa-esp-elf-14.2.0_20260121-x86_64-linux-gnu.tar.xz to /home/miswired/.cache/esphome/idf/tools/xtensa-esp-elf/esp-14.2.0_20260121
Installing esp-rom-elfs@20241011
file esp-rom-elfs-20241011.tar.gz is already downloaded
Extracting /home/miswired/.cache/esphome/idf/dist/esp-rom-elfs-20241011.tar.gz to /home/miswired/.cache/esphome/idf/tools/esp-rom-elfs/20241011
INFO Checking ESP-IDF 5.5.5 Python environment ...
INFO Downloading constraints file for ESP-IDF 5.5 ...
INFO Installing ESP-IDF 5.5.5 Python dependencies ...
Executing action: reconfigure
Running cmake in directory /home/miswired/Multiverse/esp-light/.esphome/build/smart-atx/build
Executing "cmake -G Ninja -DPYTHON_DEPS_CHECKED=1 -DPYTHON=/home/miswired/.cache/esphome/idf/penvs/5.5.5/bin/python -DESP_PLATFORM=1 -DSDKCONFIG=/home/miswired/Multiverse/esp-light/.esphome/build/smart-atx/sdkconfig.smart-atx -DCCACHE_ENABLE=0 /home/miswired/Multiverse/esp-light/.esphome/build/smart-atx"...
-- Found Git: /usr/bin/git (found version "2.55.0")
-- Component directory /home/miswired/.cache/esphome/idf/frameworks/5.5.5/components/esp_blockdev does not contain a CMakeLists.txt file. No component will be added
-- Minimal build - OFF
-- The C compiler identification is GNU 14.2.0
-- The CXX compiler identification is GNU 14.2.0
-- The ASM compiler identification is GNU
-- Found assembler: /home/miswired/.cache/esphome/idf/tools/xtensa-esp-elf/esp-14.2.0_20260121/xtensa-esp-elf/bin/xtensa-esp32-elf-gcc
-- Detecting C compiler ABI info
-- Detecting C compiler ABI info - done
-- Check for working C compiler: /home/miswired/.cache/esphome/idf/tools/xtensa-esp-elf/esp-14.2.0_20260121/xtensa-esp-elf/bin/xtensa-esp32-elf-gcc - skipped
-- Detecting C compile features
-- Detecting C compile features - done
-- Detecting CXX compiler ABI info
-- Detecting CXX compiler ABI info - done
-- Check for working CXX compiler: /home/miswired/.cache/esphome/idf/tools/xtensa-esp-elf/esp-14.2.0_20260121/xtensa-esp-elf/bin/xtensa-esp32-elf-g++ - skipped
-- Detecting CXX compile features
-- Detecting CXX compile features - done
-- Building ESP-IDF components for target esp32
-- ESP-TEE is currently supported only on the esp32c6;esp32h2;esp32c5 SoCs
-- Project sdkconfig file /home/miswired/Multiverse/esp-light/.esphome/build/smart-atx/sdkconfig.smart-atx
-- Compiler supported targets: xtensa-esp-elf
-- Detecting C compiler ABI info
-- Detecting C compiler ABI info - done
-- Detecting CXX compiler ABI info
-- Detecting CXX compiler ABI info - done
-- Detecting C compiler ABI info
-- Detecting C compiler ABI info - done
-- Detecting CXX compiler ABI info
-- Detecting CXX compiler ABI info - done
-- Found Python3: /home/miswired/.cache/esphome/idf/penvs/5.5.5/bin/python (found version "3.14.7") found components: Interpreter
-- Performing Test CMAKE_HAVE_LIBC_PTHREAD
-- Performing Test CMAKE_HAVE_LIBC_PTHREAD - Success
-- Found Threads: TRUE
-- Performing Test C_COMPILER_SUPPORTS_WFORMAT_SIGNEDNESS
-- Performing Test C_COMPILER_SUPPORTS_WFORMAT_SIGNEDNESS - Success
-- USING O3
-- App "smart-atx" version: 2026.8.2
-- Configuring done (5.6s)
-- Generating done (1.4s)
-- Build files have been written to: /home/miswired/Multiverse/esp-light/.esphome/build/smart-atx/build
INFO Regenerating CMakeLists.txt with discovered components...
Executing action: reconfigure
Running cmake in directory /home/miswired/Multiverse/esp-light/.esphome/build/smart-atx/build
Executing "cmake -G Ninja -DPYTHON_DEPS_CHECKED=1 -DPYTHON=/home/miswired/.cache/esphome/idf/penvs/5.5.5/bin/python -DESP_PLATFORM=1 -DSDKCONFIG=/home/miswired/Multiverse/esp-light/.esphome/build/smart-atx/sdkconfig.smart-atx -DCCACHE_ENABLE=0 /home/miswired/Multiverse/esp-light/.esphome/build/smart-atx"...
-- Component directory /home/miswired/.cache/esphome/idf/frameworks/5.5.5/components/esp_blockdev does not contain a CMakeLists.txt file. No component will be added
-- Minimal build - OFF
-- Building ESP-IDF components for target esp32
-- ESP-TEE is currently supported only on the esp32c6;esp32h2;esp32c5 SoCs
-- Project sdkconfig file /home/miswired/Multiverse/esp-light/.esphome/build/smart-atx/sdkconfig.smart-atx
-- Compiler supported targets: xtensa-esp-elf
-- Detecting C compiler ABI info
-- Detecting C compiler ABI info - done
-- Detecting CXX compiler ABI info
-- Detecting CXX compiler ABI info - done
-- Detecting C compiler ABI info
-- Detecting C compiler ABI info - done
-- Detecting CXX compiler ABI info
-- Detecting CXX compiler ABI info - done
-- USING O3
-- App "smart-atx" version: 2026.8.2
-- Configuring done (5.6s)
-- Generating done (0.8s)
-- Build files have been written to: /home/miswired/Multiverse/esp-light/.esphome/build/smart-atx/build
Executing action: all (aliases: build)
Running ninja in directory /home/miswired/Multiverse/esp-light/.esphome/build/smart-atx/build
Executing "ninja all"...
[0/2] Re-checking globbed directories...[1/2] Re-running CMake...
-- Component directory /home/miswired/.cache/esphome/idf/frameworks/5.5.5/components/esp_blockdev does not contain a CMakeLists.txt file. No component will be added
-- Minimal build - OFF
-- Building ESP-IDF components for target esp32
-- ESP-TEE is currently supported only on the esp32c6;esp32h2;esp32c5 SoCs
-- Project sdkconfig file /home/miswired/Multiverse/esp-light/.esphome/build/smart-atx/sdkconfig.smart-atx
-- Compiler supported targets: xtensa-esp-elf
-- Detecting C compiler ABI info
-- Detecting C compiler ABI info - done
-- Detecting CXX compiler ABI info
-- Detecting CXX compiler ABI info - done
-- Detecting C compiler ABI info
-- Detecting C compiler ABI info - done
-- Detecting CXX compiler ABI info
-- Detecting CXX compiler ABI info - done
-- USING O3
-- App "smart-atx" version: 2026.8.2
-- Configuring done (4.4s)
-- Generating done (0.7s)
-- Build files have been written to: /home/miswired/Multiverse/esp-light/.esphome/build/smart-atx/build
[0/4] Re-checking globbed directories...[1/1209] Generating project_elf_src_esp32.c[2/1209] Generating /home/miswired/Multiverse/esp-light/.esphome/build/smart-atx/build/esp-idf/esp_system/ld/sections.ld.in linker script...[3/1209] Generating /home/miswired/Multiverse/esp-light/.esphome/build/smart-atx/build/esp-idf/esp_system/ld/memory.ld linker script...[4/1209] Generating ../../ota_data_initial.bin[5/1209] Building C object esp-idf/esp_http_server/CMakeFiles/__idf_esp_http_server.dir/src/util/ctrl_sock.c.obj[6/1209] Building C object esp-idf/esp_http_server/CMakeFiles/__idf_esp_http_server.dir/src/httpd_ws.c.obj[7/1209] Building C object esp-idf/esp_http_server/CMakeFiles/__idf_esp_http_server.dir/src/httpd_sess.c.obj[8/1209] Generating ../../partition_table/partition-table.bin
Partition table binary generated. Contents:
*******************************************************************************
# ESP-IDF Partition Table
# Name, Type, SubType, Offset, Size, Flags
otadata,data,ota,0x9000,8K,
phy_init,data,phy,0xb000,4K,
app0,app,ota_0,0x10000,1792K,
app1,app,ota_1,0x1d0000,1792K,
nvs,data,nvs,0x390000,448K,
*******************************************************************************
[9/1209] Building C object esp-idf/esp_http_server/CMakeFiles/__idf_esp_http_server.dir/src/httpd_uri.c.obj[10/1209] Building C object esp-idf/esp_http_server/CMakeFiles/__idf_esp_http_server.dir/src/httpd_txrx.c.obj[11/1209] Building C object esp-idf/esp_http_server/CMakeFiles/__idf_esp_http_server.dir/src/httpd_main.c.obj[12/1209] Building C object esp-idf/esp_http_client/CMakeFiles/__idf_esp_http_client.dir/lib/http_auth.c.obj[13/1209] Building C object esp-idf/esp_http_client/CMakeFiles/__idf_esp_http_client.dir/lib/http_utils.c.obj[14/1209] Building C object esp-idf/esp_http_client/CMakeFiles/__idf_esp_http_client.dir/lib/http_header.c.obj[15/1209] Building C object esp-idf/esp_http_server/CMakeFiles/__idf_esp_http_server.dir/src/httpd_parse.c.obj[16/1209] Building C object esp-idf/esp_https_ota/CMakeFiles/__idf_esp_https_ota.dir/src/esp_https_ota.c.obj[17/1209] Building C object esp-idf/esp_adc/CMakeFiles/__idf_esp_adc.dir/adc_cali.c.obj[18/1209] Linking C static library esp-idf/esp_https_ota/libesp_https_ota.a[19/1209] Building C object esp-idf/esp_adc/CMakeFiles/__idf_esp_adc.dir/adc_common.c.obj[20/1209] Building C object esp-idf/esp_adc/CMakeFiles/__idf_esp_adc.dir/adc_cali_curve_fitting.c.obj[21/1209] Building C object esp-idf/tcp_transport/CMakeFiles/__idf_tcp_transport.dir/transport.c.obj[22/1209] Linking C static library esp-idf/esp_http_server/libesp_http_server.a[23/1209] Building C object esp-idf/tcp_transport/CMakeFiles/__idf_tcp_transport.dir/transport_internal.c.obj[24/1209] Building C object esp-idf/tcp_transport/CMakeFiles/__idf_tcp_transport.dir/transport_ssl.c.obj[25/1209] Building C object esp-idf/tcp_transport/CMakeFiles/__idf_tcp_transport.dir/transport_socks_proxy.c.obj[26/1209] Building C object esp-idf/esp_adc/CMakeFiles/__idf_esp_adc.dir/deprecated/esp_adc_cal_common_legacy.c.obj[27/1209] Building C object esp-idf/esp_adc/CMakeFiles/__idf_esp_adc.dir/deprecated/esp32/esp_adc_cal_legacy.c.obj[28/1209] Building C object esp-idf/esp_adc/CMakeFiles/__idf_esp_adc.dir/esp32/adc_dma.c.obj[29/1209] Building C object esp-idf/esp_adc/CMakeFiles/__idf_esp_adc.dir/adc_oneshot.c.obj[30/1209] Building C object esp-idf/esp-tls/CMakeFiles/__idf_esp-tls.dir/esp_tls_platform_port.c.obj[31/1209] Building C object esp-idf/esp-tls/CMakeFiles/__idf_esp-tls.dir/esp-tls-crypto/esp_tls_crypto.c.obj[32/1209] Building C object esp-idf/esp-tls/CMakeFiles/__idf_esp-tls.dir/esp_tls_error_capture.c.obj[33/1209] Building C object esp-idf/esp_adc/CMakeFiles/__idf_esp_adc.dir/esp32/adc_cali_line_fitting.c.obj[34/1209] Building C object esp-idf/tcp_transport/CMakeFiles/__idf_tcp_transport.dir/transport_ws.c.obj[35/1209] Building C object esp-idf/esp_http_client/CMakeFiles/__idf_esp_http_client.dir/esp_http_client.c.obj[36/1209] Building C object esp-idf/esp_adc/CMakeFiles/__idf_esp_adc.dir/adc_continuous.c.obj[37/1209] Linking C static library esp-idf/esp_http_client/libesp_http_client.a[38/1209] Building C object esp-idf/driver/CMakeFiles/__idf_driver.dir/deprecated/esp32/dac_legacy.c.obj[39/1209] Linking C static library esp-idf/tcp_transport/libtcp_transport.a[40/1209] Building C object esp-idf/driver/CMakeFiles/__idf_driver.dir/deprecated/dac_common_legacy.c.obj[41/1209] Building C object esp-idf/driver/CMakeFiles/__idf_driver.dir/deprecated/adc_dma_legacy.c.obj[42/1209] Linking C static library esp-idf/esp_adc/libesp_adc.a[43/1209] Building C object esp-idf/driver/CMakeFiles/__idf_driver.dir/deprecated/adc_legacy.c.obj[44/1209] Building C object esp-idf/esp-tls/CMakeFiles/__idf_esp-tls.dir/esp_tls.c.obj[45/1209] Building C object esp-idf/driver/CMakeFiles/__idf_driver.dir/deprecated/sigma_delta_legacy.c.obj[46/1209] Building C object esp-idf/esp-tls/CMakeFiles/__idf_esp-tls.dir/esp_tls_mbedtls.c.obj[47/1209] Building C object esp-idf/driver/CMakeFiles/__idf_driver.dir/touch_sensor/touch_sensor_common.c.obj[48/1209] Linking C static library esp-idf/esp-tls/libesp-tls.a[49/1209] Building C object esp-idf/driver/CMakeFiles/__idf_driver.dir/deprecated/timer_legacy.c.obj[50/1209] Building C object esp-idf/driver/CMakeFiles/__idf_driver.dir/deprecated/pcnt_legacy.c.obj[51/1209] Building C object esp-idf/driver/CMakeFiles/__idf_driver.dir/deprecated/adc_i2s_deprecated.c.obj[52/1209] Building C object esp-idf/driver/CMakeFiles/__idf_driver.dir/i2c/i2c.c.obj[53/1209] Building C object esp-idf/esp_driver_twai/CMakeFiles/__idf_esp_driver_twai.dir/esp_twai.c.obj[54/1209] Building C object esp-idf/driver/CMakeFiles/__idf_driver.dir/deprecated/rmt_legacy.c.obj[55/1209] Building C object esp-idf/driver/CMakeFiles/__idf_driver.dir/touch_sensor/esp32/touch_sensor.c.obj[56/1209] Building C object esp-idf/driver/CMakeFiles/__idf_driver.dir/deprecated/i2s_legacy.c.obj[57/1209] Building C object esp-idf/driver/CMakeFiles/__idf_driver.dir/twai/twai.c.obj[58/1209] Building C object esp-idf/esp_driver_i2c/CMakeFiles/__idf_esp_driver_i2c.dir/i2c_common.c.obj[59/1209] Building C object esp-idf/driver/CMakeFiles/__idf_driver.dir/deprecated/mcpwm_legacy.c.obj[60/1209] Building C object esp-idf/esp_driver_rmt/CMakeFiles/__idf_esp_driver_rmt.dir/src/rmt_common.c.obj[61/1209] Building C object esp-idf/esp_driver_twai/CMakeFiles/__idf_esp_driver_twai.dir/esp_twai_onchip.c.obj[62/1209] Building C object esp-idf/esp_driver_rmt/CMakeFiles/__idf_esp_driver_rmt.dir/src/rmt_encoder.c.obj[63/1209] Building C object esp-idf/esp_driver_sdm/CMakeFiles/__idf_esp_driver_sdm.dir/src/sdm.c.obj[64/1209] Building C object esp-idf/esp_driver_i2c/CMakeFiles/__idf_esp_driver_i2c.dir/i2c_slave.c.obj[65/1209] Building C object esp-idf/http_parser/CMakeFiles/__idf_http_parser.dir/http_parser.c.obj[66/1209] Building C object esp-idf/esp_driver_rmt/CMakeFiles/__idf_esp_driver_rmt.dir/src/rmt_encoder_bytes.c.obj[67/1209] Building C object esp-idf/esp_driver_rmt/CMakeFiles/__idf_esp_driver_rmt.dir/src/rmt_encoder_copy.c.obj[68/1209] Linking C static library esp-idf/http_parser/libhttp_parser.a[69/1209] Building C object esp-idf/esp_driver_rmt/CMakeFiles/__idf_esp_driver_rmt.dir/src/rmt_encoder_simple.c.obj[70/1209] Building C object esp-idf/esp_driver_dac/CMakeFiles/__idf_esp_driver_dac.dir/dac_oneshot.c.obj[71/1209] Building C object esp-idf/esp_driver_i2c/CMakeFiles/__idf_esp_driver_i2c.dir/i2c_master.c.obj[72/1209] Linking C static library esp-idf/driver/libdriver.a[73/1209] Building C object esp-idf/esp_driver_ledc/CMakeFiles/__idf_esp_driver_ledc.dir/src/ledc.c.obj[74/1209] Building C object esp-idf/esp_driver_sdspi/CMakeFiles/__idf_esp_driver_sdspi.dir/src/sdspi_crc.c.obj[75/1209] Building C object esp-idf/esp_driver_dac/CMakeFiles/__idf_esp_driver_dac.dir/dac_common.c.obj[76/1209] Linking C static library esp-idf/esp_driver_twai/libesp_driver_twai.a[77/1209] Building C object esp-idf/esp_driver_dac/CMakeFiles/__idf_esp_driver_dac.dir/dac_cosine.c.obj[78/1209] Linking C static library esp-idf/esp_driver_ledc/libesp_driver_ledc.a[79/1209] Linking C static library esp-idf/esp_driver_i2c/libesp_driver_i2c.a[80/1209] Linking C static library esp-idf/esp_driver_sdm/libesp_driver_sdm.a[81/1209] Building C object esp-idf/esp_driver_dac/CMakeFiles/__idf_esp_driver_dac.dir/esp32/dac_dma.c.obj[82/1209] Building C object esp-idf/esp_driver_sdspi/CMakeFiles/__idf_esp_driver_sdspi.dir/src/sdspi_transaction.c.obj[83/1209] Building C object esp-idf/esp_driver_rmt/CMakeFiles/__idf_esp_driver_rmt.dir/src/rmt_rx.c.obj[84/1209] Building C object esp-idf/esp_driver_sdmmc/CMakeFiles/__idf_esp_driver_sdmmc.dir/src/sdmmc_transaction.c.obj[85/1209] Building C object esp-idf/esp_driver_rmt/CMakeFiles/__idf_esp_driver_rmt.dir/src/rmt_tx.c.obj[86/1209] Building C object esp-idf/esp_driver_dac/CMakeFiles/__idf_esp_driver_dac.dir/dac_continuous.c.obj[87/1209] Linking C static library esp-idf/esp_driver_rmt/libesp_driver_rmt.a[88/1209] Building C object esp-idf/sdmmc/CMakeFiles/__idf_sdmmc.dir/sdmmc_init.c.obj[89/1209] Building C object esp-idf/esp_driver_sdspi/CMakeFiles/__idf_esp_driver_sdspi.dir/src/sdspi_host.c.obj[90/1209] Linking C static library esp-idf/esp_driver_dac/libesp_driver_dac.a[91/1209] Building C object esp-idf/esp_driver_sdio/CMakeFiles/__idf_esp_driver_sdio.dir/src/sdio_slave.c.obj[92/1209] Building C object esp-idf/sdmmc/CMakeFiles/__idf_sdmmc.dir/sdmmc_mmc.c.obj[93/1209] Building C object esp-idf/sdmmc/CMakeFiles/__idf_sdmmc.dir/sdmmc_common.c.obj[94/1209] Linking C static library esp-idf/esp_driver_sdio/libesp_driver_sdio.a[95/1209] Building C object esp-idf/sdmmc/CMakeFiles/__idf_sdmmc.dir/sd_pwr_ctrl/sd_pwr_ctrl.c.obj[96/1209] Linking C static library esp-idf/esp_driver_sdspi/libesp_driver_sdspi.a[97/1209] Building C object esp-idf/sdmmc/CMakeFiles/__idf_sdmmc.dir/sdmmc_io.c.obj[98/1209] Building C object esp-idf/esp_driver_sdmmc/CMakeFiles/__idf_esp_driver_sdmmc.dir/src/sdmmc_host.c.obj[99/1209] Building C object esp-idf/sdmmc/CMakeFiles/__idf_sdmmc.dir/sdmmc_cmd.c.obj[100/1209] Building C object esp-idf/esp_driver_i2s/CMakeFiles/__idf_esp_driver_i2s.dir/i2s_platform.c.obj[101/1209] Linking C static library esp-idf/esp_driver_sdmmc/libesp_driver_sdmmc.a[102/1209] Building C object esp-idf/esp_driver_i2s/CMakeFiles/__idf_esp_driver_i2s.dir/i2s_std.c.obj[103/1209] Building C object esp-idf/esp_driver_mcpwm/CMakeFiles/__idf_esp_driver_mcpwm.dir/src/mcpwm_cmpr.c.obj[104/1209] Building C object esp-idf/sdmmc/CMakeFiles/__idf_sdmmc.dir/sdmmc_sd.c.obj[105/1209] Building C object esp-idf/esp_driver_mcpwm/CMakeFiles/__idf_esp_driver_mcpwm.dir/src/mcpwm_com.c.obj[106/1209] Linking C static library esp-idf/sdmmc/libsdmmc.a[107/1209] Building C object esp-idf/esp_driver_mcpwm/CMakeFiles/__idf_esp_driver_mcpwm.dir/src/mcpwm_fault.c.obj[108/1209] Building C object esp-idf/esp_driver_i2s/CMakeFiles/__idf_esp_driver_i2s.dir/i2s_pdm.c.obj[109/1209] Building C object esp-idf/esp_driver_mcpwm/CMakeFiles/__idf_esp_driver_mcpwm.dir/src/mcpwm_cap.c.obj[110/1209] Building C object esp-idf/esp_driver_mcpwm/CMakeFiles/__idf_esp_driver_mcpwm.dir/src/mcpwm_sync.c.obj[111/1209] Building C object esp-idf/esp_gdbstub/CMakeFiles/__idf_esp_gdbstub.dir/src/gdbstub_transport.c.obj[112/1209] Building ASM object esp-idf/esp_gdbstub/CMakeFiles/__idf_esp_gdbstub.dir/src/port/xtensa/xt_debugexception.S.obj[113/1209] Building C object esp-idf/esp_driver_mcpwm/CMakeFiles/__idf_esp_driver_mcpwm.dir/src/mcpwm_oper.c.obj[114/1209] Building ASM object esp-idf/esp_gdbstub/CMakeFiles/__idf_esp_gdbstub.dir/src/port/xtensa/gdbstub-entry.S.obj[115/1209] Building C object esp-idf/esp_gdbstub/CMakeFiles/__idf_esp_gdbstub.dir/src/packet.c.obj[116/1209] Building C object esp-idf/esp_wifi/CMakeFiles/__idf_esp_wifi.dir/src/mesh_event.c.obj[117/1209] Building C object esp-idf/esp_wifi/CMakeFiles/__idf_esp_wifi.dir/src/lib_printf.c.obj[118/1209] Building C object esp-idf/esp_driver_mcpwm/CMakeFiles/__idf_esp_driver_mcpwm.dir/src/mcpwm_gen.c.obj[119/1209] Building C object esp-idf/esp_driver_i2s/CMakeFiles/__idf_esp_driver_i2s.dir/i2s_common.c.obj[120/1209] Building C object esp-idf/esp_gdbstub/CMakeFiles/__idf_esp_gdbstub.dir/src/port/xtensa/gdbstub_xtensa.c.obj[121/1209] Building C object esp-idf/esp_driver_mcpwm/CMakeFiles/__idf_esp_driver_mcpwm.dir/src/mcpwm_timer.c.obj[122/1209] Building C object esp-idf/esp_wifi/CMakeFiles/__idf_esp_wifi.dir/src/smartconfig.c.obj[123/1209] Linking C static library esp-idf/esp_driver_i2s/libesp_driver_i2s.a[124/1209] Building C object esp-idf/esp_gdbstub/CMakeFiles/__idf_esp_gdbstub.dir/src/gdbstub.c.obj[125/1209] Building C object esp-idf/esp_wifi/CMakeFiles/__idf_esp_wifi.dir/src/wifi_default_ap.c.obj[126/1209] Linking C static library esp-idf/esp_driver_mcpwm/libesp_driver_mcpwm.a[127/1209] Building C object esp-idf/esp_wifi/CMakeFiles/__idf_esp_wifi.dir/src/wifi_init.c.obj[128/1209] Building C object esp-idf/esp_wifi/CMakeFiles/__idf_esp_wifi.dir/regulatory/esp_wifi_regulatory.c.obj[129/1209] Building C object esp-idf/esp_coex/CMakeFiles/__idf_esp_coex.dir/src/coexist_debug_diagram.c.obj[130/1209] Building C object esp-idf/esp_wifi/CMakeFiles/__idf_esp_wifi.dir/src/wifi_netif.c.obj[131/1209] Building C object esp-idf/esp_coex/CMakeFiles/__idf_esp_coex.dir/src/coexist_debug.c.obj[132/1209] Building C object esp-idf/esp_wifi/CMakeFiles/__idf_esp_wifi.dir/src/smartconfig_ack.c.obj[133/1209] Building C object esp-idf/esp_wifi/CMakeFiles/__idf_esp_wifi.dir/esp32/esp_adapter.c.obj[134/1209] Building C object esp-idf/wpa_supplicant/CMakeFiles/__idf_wpa_supplicant.dir/port/os_xtensa.c.obj[135/1209] Building C object esp-idf/esp_wifi/CMakeFiles/__idf_esp_wifi.dir/src/wifi_default.c.obj[136/1209] Building C object esp-idf/esp_coex/CMakeFiles/__idf_esp_coex.dir/esp32/esp_coex_adapter.c.obj[137/1209] Building C object esp-idf/wpa_supplicant/CMakeFiles/__idf_wpa_supplicant.dir/src/ap/ap_config.c.obj[138/1209] Building C object esp-idf/wpa_supplicant/CMakeFiles/__idf_wpa_supplicant.dir/src/ap/ieee802_1x.c.obj[139/1209] Building C object esp-idf/esp_driver_pcnt/CMakeFiles/__idf_esp_driver_pcnt.dir/src/pulse_cnt.c.obj[140/1209] Linking C static library esp-idf/esp_driver_pcnt/libesp_driver_pcnt.a[141/1209] Building C object esp-idf/wpa_supplicant/CMakeFiles/__idf_wpa_supplicant.dir/src/ap/sta_info.c.obj[142/1209] Linking C static library esp-idf/esp_gdbstub/libesp_gdbstub.a[143/1209] Building C object esp-idf/wpa_supplicant/CMakeFiles/__idf_wpa_supplicant.dir/src/ap/pmksa_cache_auth.c.obj[144/1209] Building C object esp-idf/wpa_supplicant/CMakeFiles/__idf_wpa_supplicant.dir/src/ap/comeback_token.c.obj[145/1209] Linking C static library esp-idf/esp_wifi/libesp_wifi.a[146/1209] Building C object esp-idf/wpa_supplicant/CMakeFiles/__idf_wpa_supplicant.dir/src/ap/wpa_auth_ie.c.obj[147/1209] Building C object esp-idf/wpa_supplicant/CMakeFiles/__idf_wpa_supplicant.dir/port/eloop.c.obj[148/1209] Building C object esp-idf/wpa_supplicant/CMakeFiles/__idf_wpa_supplicant.dir/src/ap/ieee802_11.c.obj[149/1209] Building C object esp-idf/wpa_supplicant/CMakeFiles/__idf_wpa_supplicant.dir/src/utils/bitfield.c.obj[150/1209] Building C object esp-idf/wpa_supplicant/CMakeFiles/__idf_wpa_supplicant.dir/src/crypto/sha256-kdf.c.obj[151/1209] Building C object esp-idf/wpa_supplicant/CMakeFiles/__idf_wpa_supplicant.dir/src/common/dragonfly.c.obj[152/1209] Building C object esp-idf/wpa_supplicant/CMakeFiles/__idf_wpa_supplicant.dir/src/crypto/aes-siv.c.obj[153/1209] Building C object esp-idf/wpa_supplicant/CMakeFiles/__idf_wpa_supplicant.dir/src/crypto/ccmp.c.obj[154/1209] Building C object esp-idf/wpa_supplicant/CMakeFiles/__idf_wpa_supplicant.dir/src/crypto/dh_groups.c.obj[155/1209] Building C object esp-idf/wpa_supplicant/CMakeFiles/__idf_wpa_supplicant.dir/src/crypto/crypto_ops.c.obj[156/1209] Building C object esp-idf/wpa_supplicant/CMakeFiles/__idf_wpa_supplicant.dir/src/crypto/aes-gcm.c.obj[157/1209] Building C object esp-idf/wpa_supplicant/CMakeFiles/__idf_wpa_supplicant.dir/src/crypto/dh_group5.c.obj[158/1209] Building C object esp-idf/wpa_supplicant/CMakeFiles/__idf_wpa_supplicant.dir/src/crypto/ms_funcs.c.obj[159/1209] Building C object esp-idf/wpa_supplicant/CMakeFiles/__idf_wpa_supplicant.dir/src/crypto/sha1-tlsprf.c.obj[160/1209] Building C object esp-idf/wpa_supplicant/CMakeFiles/__idf_wpa_supplicant.dir/src/crypto/sha256-tlsprf.c.obj[161/1209] Building C object esp-idf/wpa_supplicant/CMakeFiles/__idf_wpa_supplicant.dir/src/crypto/sha1-prf.c.obj[162/1209] Building C object esp-idf/wpa_supplicant/CMakeFiles/__idf_wpa_supplicant.dir/src/crypto/sha384-prf.c.obj[163/1209] Building C object esp-idf/wpa_supplicant/CMakeFiles/__idf_wpa_supplicant.dir/src/crypto/sha384-tlsprf.c.obj[164/1209] Building C object esp-idf/wpa_supplicant/CMakeFiles/__idf_wpa_supplicant.dir/src/crypto/sha256-prf.c.obj[165/1209] Building C object esp-idf/wpa_supplicant/CMakeFiles/__idf_wpa_supplicant.dir/src/common/wpa_common.c.obj[166/1209] Building C object esp-idf/wpa_supplicant/CMakeFiles/__idf_wpa_supplicant.dir/src/crypto/sha1-tprf.c.obj[167/1209] Building C object esp-idf/wpa_supplicant/CMakeFiles/__idf_wpa_supplicant.dir/src/eap_peer/chap.c.obj[168/1209] Building C object esp-idf/wpa_supplicant/CMakeFiles/__idf_wpa_supplicant.dir/src/ap/wpa_auth.c.obj[169/1209] Building C object esp-idf/wpa_supplicant/CMakeFiles/__idf_wpa_supplicant.dir/src/eap_common/eap_wsc_common.c.obj[170/1209] Building C object esp-idf/wpa_supplicant/CMakeFiles/__idf_wpa_supplicant.dir/src/crypto/md4-internal.c.obj[171/1209] Building C object esp-idf/wpa_supplicant/CMakeFiles/__idf_wpa_supplicant.dir/src/common/sae.c.obj[172/1209] Building C object esp-idf/wpa_supplicant/CMakeFiles/__idf_wpa_supplicant.dir/src/common/ieee802_11_common.c.obj[173/1209] Building C object esp-idf/wpa_supplicant/CMakeFiles/__idf_wpa_supplicant.dir/src/eap_peer/eap_peap_common.c.obj[174/1209] Building C object esp-idf/wpa_supplicant/CMakeFiles/__idf_wpa_supplicant.dir/src/eap_peer/eap_common.c.obj[175/1209] Building C object esp-idf/wpa_supplicant/CMakeFiles/__idf_wpa_supplicant.dir/src/eap_peer/eap_mschapv2.c.obj[176/1209] Building C object esp-idf/wpa_supplicant/CMakeFiles/__idf_wpa_supplicant.dir/src/eap_peer/eap_tls.c.obj[177/1209] Building C object esp-idf/wpa_supplicant/CMakeFiles/__idf_wpa_supplicant.dir/src/eap_peer/mschapv2.c.obj[178/1209] Building C object esp-idf/wpa_supplicant/CMakeFiles/__idf_wpa_supplicant.dir/src/eap_peer/eap_fast_common.c.obj[179/1209] Building C object esp-idf/wpa_supplicant/CMakeFiles/__idf_wpa_supplicant.dir/src/eap_peer/eap.c.obj[180/1209] Building C object esp-idf/wpa_supplicant/CMakeFiles/__idf_wpa_supplicant.dir/src/eap_peer/eap_peap.c.obj[181/1209] Building C object esp-idf/wpa_supplicant/CMakeFiles/__idf_wpa_supplicant.dir/src/rsn_supp/pmksa_cache.c.obj[182/1209] Building C object esp-idf/wpa_supplicant/CMakeFiles/__idf_wpa_supplicant.dir/src/eap_peer/eap_tls_common.c.obj[183/1209] Building C object esp-idf/wpa_supplicant/CMakeFiles/__idf_wpa_supplicant.dir/src/eap_peer/eap_fast_pac.c.obj[184/1209] Building C object esp-idf/wpa_supplicant/CMakeFiles/__idf_wpa_supplicant.dir/src/utils/ext_password.c.obj[185/1209] Building C object esp-idf/wpa_supplicant/CMakeFiles/__idf_wpa_supplicant.dir/src/eap_peer/eap_ttls.c.obj[186/1209] Building C object esp-idf/wpa_supplicant/CMakeFiles/__idf_wpa_supplicant.dir/src/rsn_supp/wpa_ie.c.obj[187/1209] Building C object esp-idf/wpa_supplicant/CMakeFiles/__idf_wpa_supplicant.dir/src/utils/uuid.c.obj[188/1209] Building C object esp-idf/wpa_supplicant/CMakeFiles/__idf_wpa_supplicant.dir/src/utils/base64.c.obj[189/1209] Building C object esp-idf/wpa_supplicant/CMakeFiles/__idf_wpa_supplicant.dir/src/utils/wpabuf.c.obj[190/1209] Building C object esp-idf/wpa_supplicant/CMakeFiles/__idf_wpa_supplicant.dir/src/utils/common.c.obj[191/1209] Building C object esp-idf/wpa_supplicant/CMakeFiles/__idf_wpa_supplicant.dir/src/utils/wpa_debug.c.obj[192/1209] Building C object esp-idf/wpa_supplicant/CMakeFiles/__idf_wpa_supplicant.dir/src/wps/wps_attr_process.c.obj[193/1209] Building C object esp-idf/wpa_supplicant/CMakeFiles/__idf_wpa_supplicant.dir/src/wps/wps_attr_build.c.obj[194/1209] Building C object esp-idf/wpa_supplicant/CMakeFiles/__idf_wpa_supplicant.dir/src/wps/wps_attr_parse.c.obj[195/1209] Building C object esp-idf/wpa_supplicant/CMakeFiles/__idf_wpa_supplicant.dir/src/eap_peer/eap_fast.c.obj[196/1209] Building C object esp-idf/wpa_supplicant/CMakeFiles/__idf_wpa_supplicant.dir/src/utils/json.c.obj[197/1209] Building C object esp-idf/wpa_supplicant/CMakeFiles/__idf_wpa_supplicant.dir/esp_supplicant/src/esp_wpa2_api_port.c.obj[198/1209] Building C object esp-idf/wpa_supplicant/CMakeFiles/__idf_wpa_supplicant.dir/src/wps/wps.c.obj[199/1209] Building C object esp-idf/wpa_supplicant/CMakeFiles/__idf_wpa_supplicant.dir/src/wps/wps_common.c.obj[200/1209] Building C object esp-idf/wpa_supplicant/CMakeFiles/__idf_wpa_supplicant.dir/esp_supplicant/src/esp_wpas_glue.c.obj[201/1209] Building C object esp-idf/wpa_supplicant/CMakeFiles/__idf_wpa_supplicant.dir/src/wps/wps_dev_attr.c.obj[202/1209] Building C object esp-idf/wpa_supplicant/CMakeFiles/__idf_wpa_supplicant.dir/esp_supplicant/src/esp_common.c.obj[203/1209] Building C object esp-idf/wpa_supplicant/CMakeFiles/__idf_wpa_supplicant.dir/esp_supplicant/src/esp_wpa_main.c.obj[204/1209] Building C object esp-idf/wpa_supplicant/CMakeFiles/__idf_wpa_supplicant.dir/src/common/sae_pk.c.obj[205/1209] Building C object esp-idf/wpa_supplicant/CMakeFiles/__idf_wpa_supplicant.dir/src/rsn_supp/wpa.c.obj[206/1209] Building C object esp-idf/wpa_supplicant/CMakeFiles/__idf_wpa_supplicant.dir/esp_supplicant/src/esp_owe.c.obj[207/1209] Building C object esp-idf/wpa_supplicant/CMakeFiles/__idf_wpa_supplicant.dir/src/wps/wps_enrollee.c.obj[208/1209] Building C object esp-idf/wpa_supplicant/CMakeFiles/__idf_wpa_supplicant.dir/src/tls/pkcs8.c.obj[209/1209] Building C object esp-idf/wpa_supplicant/CMakeFiles/__idf_wpa_supplicant.dir/src/tls/pkcs1.c.obj[210/1209] Building C object esp-idf/wpa_supplicant/CMakeFiles/__idf_wpa_supplicant.dir/esp_supplicant/src/esp_wpa3.c.obj[211/1209] Building C object esp-idf/wpa_supplicant/CMakeFiles/__idf_wpa_supplicant.dir/esp_supplicant/src/esp_hostap.c.obj[212/1209] Building C object esp-idf/wpa_supplicant/CMakeFiles/__idf_wpa_supplicant.dir/esp_supplicant/src/esp_eap_client.c.obj[213/1209] Building C object esp-idf/wpa_supplicant/CMakeFiles/__idf_wpa_supplicant.dir/src/tls/rsa.c.obj[214/1209] Building C object esp-idf/wpa_supplicant/CMakeFiles/__idf_wpa_supplicant.dir/src/tls/asn1.c.obj[215/1209] Building C object esp-idf/wpa_supplicant/CMakeFiles/__idf_wpa_supplicant.dir/esp_supplicant/src/esp_wps.c.obj[216/1209] Building C object esp-idf/wpa_supplicant/CMakeFiles/__idf_wpa_supplicant.dir/src/tls/pkcs5.c.obj[217/1209] Building C object esp-idf/wpa_supplicant/CMakeFiles/__idf_wpa_supplicant.dir/src/crypto/tls_internal.c.obj[218/1209] Building C object esp-idf/wpa_supplicant/CMakeFiles/__idf_wpa_supplicant.dir/src/tls/tlsv1_client.c.obj[219/1209] Building C object esp-idf/wpa_supplicant/CMakeFiles/__idf_wpa_supplicant.dir/src/tls/tlsv1_cred.c.obj[220/1209] Building C object esp-idf/wpa_supplicant/CMakeFiles/__idf_wpa_supplicant.dir/src/tls/tlsv1_common.c.obj[221/1209] Building C object esp-idf/wpa_supplicant/CMakeFiles/__idf_wpa_supplicant.dir/src/tls/tlsv1_client_write.c.obj[222/1209] Building C object esp-idf/wpa_supplicant/CMakeFiles/__idf_wpa_supplicant.dir/src/tls/tlsv1_client_read.c.obj[223/1209] Building C object esp-idf/wpa_supplicant/CMakeFiles/__idf_wpa_supplicant.dir/src/tls/tlsv1_record.c.obj[224/1209] Building C object esp-idf/wpa_supplicant/CMakeFiles/__idf_wpa_supplicant.dir/esp_supplicant/src/crypto/crypto_mbedtls-rsa.c.obj[225/1209] Building C object esp-idf/wpa_supplicant/CMakeFiles/__idf_wpa_supplicant.dir/src/tls/bignum.c.obj[226/1209] Building C object esp-idf/wpa_supplicant/CMakeFiles/__idf_wpa_supplicant.dir/src/crypto/rc4.c.obj[227/1209] Building C object esp-idf/wpa_supplicant/CMakeFiles/__idf_wpa_supplicant.dir/src/tls/tlsv1_client_ocsp.c.obj[228/1209] Building C object esp-idf/wpa_supplicant/CMakeFiles/__idf_wpa_supplicant.dir/esp_supplicant/src/crypto/fastpbkdf2.c.obj[229/1209] Building C object esp-idf/wpa_supplicant/CMakeFiles/__idf_wpa_supplicant.dir/esp_supplicant/src/crypto/crypto_mbedtls-bignum.c.obj[230/1209] Linking C static library esp-idf/esp_coex/libesp_coex.a[231/1209] Building C object esp-idf/esp_netif/CMakeFiles/__idf_esp_netif.dir/esp_netif_defaults.c.obj[232/1209] Building C object esp-idf/wpa_supplicant/CMakeFiles/__idf_wpa_supplicant.dir/src/crypto/des-internal.c.obj[233/1209] Building C object esp-idf/esp_netif/CMakeFiles/__idf_esp_netif.dir/esp_netif_objects.c.obj[234/1209] Building C object esp-idf/wpa_supplicant/CMakeFiles/__idf_wpa_supplicant.dir/src/crypto/aes-wrap.c.obj[235/1209] Building C object esp-idf/esp_netif/CMakeFiles/__idf_esp_netif.dir/esp_netif_handlers.c.obj[236/1209] Building C object esp-idf/wpa_supplicant/CMakeFiles/__idf_wpa_supplicant.dir/esp_supplicant/src/crypto/crypto_mbedtls.c.obj[237/1209] Building C object esp-idf/wpa_supplicant/CMakeFiles/__idf_wpa_supplicant.dir/src/crypto/aes-unwrap.c.obj[238/1209] Building C object esp-idf/wpa_supplicant/CMakeFiles/__idf_wpa_supplicant.dir/src/crypto/aes-ccm.c.obj[239/1209] Building C object esp-idf/esp_netif/CMakeFiles/__idf_esp_netif.dir/lwip/esp_netif_lwip_defaults.c.obj[240/1209] Building C object esp-idf/esp_netif/CMakeFiles/__idf_esp_netif.dir/lwip/netif/esp_pbuf_ref.c.obj[241/1209] Building C object esp-idf/esp_netif/CMakeFiles/__idf_esp_netif.dir/lwip/netif/ethernetif.c.obj[242/1209] Building C object esp-idf/esp_netif/CMakeFiles/__idf_esp_netif.dir/lwip/netif/wlanif.c.obj[243/1209] Building C object esp-idf/lwip/CMakeFiles/__idf_lwip.dir/apps/sntp/sntp.c.obj[244/1209] Building C object esp-idf/wpa_supplicant/CMakeFiles/__idf_wpa_supplicant.dir/esp_supplicant/src/crypto/crypto_mbedtls-ec.c.obj[245/1209] Building C object esp-idf/lwip/CMakeFiles/__idf_lwip.dir/lwip/src/api/err.c.obj[246/1209] Building C object esp-idf/esp_netif/CMakeFiles/__idf_esp_netif.dir/lwip/esp_netif_sntp.c.obj[247/1209] Building C object esp-idf/lwip/CMakeFiles/__idf_lwip.dir/lwip/src/api/if_api.c.obj[248/1209] Building C object esp-idf/wpa_supplicant/CMakeFiles/__idf_wpa_supplicant.dir/src/tls/x509v3.c.obj[249/1209] Building C object esp-idf/lwip/CMakeFiles/__idf_lwip.dir/lwip/src/api/netbuf.c.obj[250/1209] Building C object esp-idf/lwip/CMakeFiles/__idf_lwip.dir/lwip/src/api/tcpip.c.obj[251/1209] Building C object esp-idf/lwip/CMakeFiles/__idf_lwip.dir/lwip/src/api/netdb.c.obj[252/1209] Building C object esp-idf/lwip/CMakeFiles/__idf_lwip.dir/lwip/src/api/netifapi.c.obj[253/1209] Linking C static library esp-idf/wpa_supplicant/libwpa_supplicant.a[254/1209] Building C object esp-idf/lwip/CMakeFiles/__idf_lwip.dir/lwip/src/apps/sntp/sntp.c.obj[255/1209] Building C object esp-idf/lwip/CMakeFiles/__idf_lwip.dir/lwip/src/api/api_lib.c.obj[256/1209] Building C object esp-idf/lwip/CMakeFiles/__idf_lwip.dir/lwip/src/core/def.c.obj[257/1209] Building C object esp-idf/lwip/CMakeFiles/__idf_lwip.dir/lwip/src/apps/netbiosns/netbiosns.c.obj[258/1209] Building C object esp-idf/lwip/CMakeFiles/__idf_lwip.dir/lwip/src/core/init.c.obj[259/1209] Building C object esp-idf/lwip/CMakeFiles/__idf_lwip.dir/lwip/src/core/ip.c.obj[260/1209] Building C object esp-idf/lwip/CMakeFiles/__idf_lwip.dir/lwip/src/core/mem.c.obj[261/1209] Building C object esp-idf/lwip/CMakeFiles/__idf_lwip.dir/lwip/src/api/api_msg.c.obj[262/1209] Building C object esp-idf/lwip/CMakeFiles/__idf_lwip.dir/lwip/src/core/inet_chksum.c.obj[263/1209] Building C object esp-idf/esp_netif/CMakeFiles/__idf_esp_netif.dir/lwip/esp_netif_lwip.c.obj[264/1209] Building C object esp-idf/lwip/CMakeFiles/__idf_lwip.dir/lwip/src/core/stats.c.obj[265/1209] Building C object esp-idf/lwip/CMakeFiles/__idf_lwip.dir/lwip/src/core/memp.c.obj[266/1209] Building C object esp-idf/lwip/CMakeFiles/__idf_lwip.dir/lwip/src/core/sys.c.obj[267/1209] Building C object esp-idf/lwip/CMakeFiles/__idf_lwip.dir/lwip/src/core/raw.c.obj[268/1209] Building C object esp-idf/lwip/CMakeFiles/__idf_lwip.dir/lwip/src/core/netif.c.obj[269/1209] Building C object esp-idf/lwip/CMakeFiles/__idf_lwip.dir/lwip/src/core/dns.c.obj[270/1209] Building C object esp-idf/lwip/CMakeFiles/__idf_lwip.dir/lwip/src/core/timeouts.c.obj[271/1209] Building C object esp-idf/lwip/CMakeFiles/__idf_lwip.dir/lwip/src/core/pbuf.c.obj[272/1209] Building C object esp-idf/lwip/CMakeFiles/__idf_lwip.dir/lwip/src/core/ipv4/autoip.c.obj[273/1209] Building C object esp-idf/lwip/CMakeFiles/__idf_lwip.dir/lwip/src/core/udp.c.obj[274/1209] Building C object esp-idf/lwip/CMakeFiles/__idf_lwip.dir/lwip/src/core/ipv4/ip4_napt.c.obj[275/1209] Building C object esp-idf/lwip/CMakeFiles/__idf_lwip.dir/lwip/src/core/ipv4/icmp.c.obj[276/1209] Building C object esp-idf/lwip/CMakeFiles/__idf_lwip.dir/lwip/src/core/ipv4/etharp.c.obj[277/1209] Building C object esp-idf/lwip/CMakeFiles/__idf_lwip.dir/lwip/src/core/ipv4/igmp.c.obj[278/1209] Building C object esp-idf/lwip/CMakeFiles/__idf_lwip.dir/lwip/src/core/ipv4/ip4.c.obj[279/1209] Building C object esp-idf/lwip/CMakeFiles/__idf_lwip.dir/lwip/src/api/sockets.c.obj[280/1209] Building C object esp-idf/lwip/CMakeFiles/__idf_lwip.dir/lwip/src/core/tcp.c.obj[281/1209] Building C object esp-idf/lwip/CMakeFiles/__idf_lwip.dir/lwip/src/core/tcp_out.c.obj[282/1209] Building C object esp-idf/lwip/CMakeFiles/__idf_lwip.dir/lwip/src/core/ipv4/ip4_frag.c.obj[283/1209] Building C object esp-idf/lwip/CMakeFiles/__idf_lwip.dir/lwip/src/core/ipv4/ip4_addr.c.obj[284/1209] Building C object esp-idf/lwip/CMakeFiles/__idf_lwip.dir/lwip/src/core/ipv6/ethip6.c.obj[285/1209] Building C object esp-idf/lwip/CMakeFiles/__idf_lwip.dir/lwip/src/core/ipv6/dhcp6.c.obj[286/1209] Building C object esp-idf/lwip/CMakeFiles/__idf_lwip.dir/lwip/src/core/ipv6/icmp6.c.obj[287/1209] Building C object esp-idf/lwip/CMakeFiles/__idf_lwip.dir/lwip/src/core/ipv6/ip6_addr.c.obj[288/1209] Building C object esp-idf/lwip/CMakeFiles/__idf_lwip.dir/lwip/src/core/ipv6/inet6.c.obj[289/1209] Building C object esp-idf/lwip/CMakeFiles/__idf_lwip.dir/lwip/src/core/ipv6/ip6_frag.c.obj[290/1209] Building C object esp-idf/lwip/CMakeFiles/__idf_lwip.dir/lwip/src/core/ipv6/ip6.c.obj[291/1209] Building C object esp-idf/lwip/CMakeFiles/__idf_lwip.dir/lwip/src/core/ipv6/mld6.c.obj[292/1209] Building C object esp-idf/lwip/CMakeFiles/__idf_lwip.dir/lwip/src/core/ipv6/nd6.c.obj[293/1209] Building C object esp-idf/lwip/CMakeFiles/__idf_lwip.dir/lwip/src/netif/ethernet.c.obj[294/1209] Building C object esp-idf/lwip/CMakeFiles/__idf_lwip.dir/lwip/src/netif/ppp/ccp.c.obj[295/1209] Building C object esp-idf/lwip/CMakeFiles/__idf_lwip.dir/lwip/src/core/ipv4/dhcp.c.obj[296/1209] Building C object esp-idf/lwip/CMakeFiles/__idf_lwip.dir/lwip/src/core/tcp_in.c.obj[297/1209] Building C object esp-idf/lwip/CMakeFiles/__idf_lwip.dir/lwip/src/netif/ppp/chap-new.c.obj[298/1209] Building C object esp-idf/lwip/CMakeFiles/__idf_lwip.dir/lwip/src/netif/ppp/auth.c.obj[299/1209] Building C object esp-idf/lwip/CMakeFiles/__idf_lwip.dir/lwip/src/netif/ppp/chap-md5.c.obj[300/1209] Building C object esp-idf/lwip/CMakeFiles/__idf_lwip.dir/lwip/src/netif/bridgeif.c.obj[301/1209] Building C object esp-idf/lwip/CMakeFiles/__idf_lwip.dir/lwip/src/netif/slipif.c.obj[302/1209] Building C object esp-idf/lwip/CMakeFiles/__idf_lwip.dir/lwip/src/netif/bridgeif_fdb.c.obj[303/1209] Building C object esp-idf/lwip/CMakeFiles/__idf_lwip.dir/lwip/src/netif/ppp/chap_ms.c.obj[304/1209] Building C object esp-idf/lwip/CMakeFiles/__idf_lwip.dir/lwip/src/netif/ppp/eap.c.obj[305/1209] Building C object esp-idf/lwip/CMakeFiles/__idf_lwip.dir/lwip/src/netif/ppp/demand.c.obj[306/1209] Building C object esp-idf/lwip/CMakeFiles/__idf_lwip.dir/lwip/src/netif/ppp/ecp.c.obj[307/1209] Building C object esp-idf/lwip/CMakeFiles/__idf_lwip.dir/lwip/src/netif/ppp/eui64.c.obj[308/1209] Building C object esp-idf/lwip/CMakeFiles/__idf_lwip.dir/lwip/src/netif/ppp/ipcp.c.obj[309/1209] Building C object esp-idf/lwip/CMakeFiles/__idf_lwip.dir/lwip/src/netif/ppp/lcp.c.obj[310/1209] Building C object esp-idf/lwip/CMakeFiles/__idf_lwip.dir/lwip/src/netif/ppp/fsm.c.obj[311/1209] Building C object esp-idf/lwip/CMakeFiles/__idf_lwip.dir/lwip/src/netif/ppp/magic.c.obj[312/1209] Building C object esp-idf/lwip/CMakeFiles/__idf_lwip.dir/lwip/src/netif/ppp/ipv6cp.c.obj[313/1209] Building C object esp-idf/lwip/CMakeFiles/__idf_lwip.dir/lwip/src/netif/ppp/mppe.c.obj[314/1209] Building C object esp-idf/lwip/CMakeFiles/__idf_lwip.dir/lwip/src/netif/ppp/multilink.c.obj[315/1209] Building C object esp-idf/lwip/CMakeFiles/__idf_lwip.dir/lwip/src/netif/ppp/ppp.c.obj[316/1209] Building C object esp-idf/lwip/CMakeFiles/__idf_lwip.dir/lwip/src/netif/ppp/pppoe.c.obj[317/1209] Building C object esp-idf/lwip/CMakeFiles/__idf_lwip.dir/lwip/src/netif/ppp/pppol2tp.c.obj[318/1209] Building C object esp-idf/lwip/CMakeFiles/__idf_lwip.dir/lwip/src/netif/ppp/pppcrypt.c.obj[319/1209] Building C object esp-idf/lwip/CMakeFiles/__idf_lwip.dir/lwip/src/netif/ppp/pppapi.c.obj[320/1209] Building C object esp-idf/lwip/CMakeFiles/__idf_lwip.dir/lwip/src/netif/ppp/pppos.c.obj[321/1209] Building C object esp-idf/lwip/CMakeFiles/__idf_lwip.dir/lwip/src/netif/ppp/upap.c.obj[322/1209] Building C object esp-idf/lwip/CMakeFiles/__idf_lwip.dir/lwip/src/netif/ppp/utils.c.obj[323/1209] Building C object esp-idf/lwip/CMakeFiles/__idf_lwip.dir/lwip/src/netif/ppp/vj.c.obj[324/1209] Building C object esp-idf/lwip/CMakeFiles/__idf_lwip.dir/port/hooks/tcp_isn_default.c.obj[325/1209] Building C object esp-idf/lwip/CMakeFiles/__idf_lwip.dir/port/debug/lwip_debug.c.obj[326/1209] Building C object esp-idf/lwip/CMakeFiles/__idf_lwip.dir/port/if_index.c.obj[327/1209] Building C object esp-idf/lwip/CMakeFiles/__idf_lwip.dir/port/acd_dhcp_check.c.obj[328/1209] Building C object esp-idf/lwip/CMakeFiles/__idf_lwip.dir/port/hooks/lwip_default_hooks.c.obj[329/1209] Building C object esp-idf/lwip/CMakeFiles/__idf_lwip.dir/port/sockets_ext.c.obj[330/1209] Building C object esp-idf/lwip/CMakeFiles/__idf_lwip.dir/port/esp32xx/vfs_lwip.c.obj[331/1209] Building C object esp-idf/lwip/CMakeFiles/__idf_lwip.dir/apps/ping/ping.c.obj[332/1209] Building C object esp-idf/lwip/CMakeFiles/__idf_lwip.dir/apps/ping/esp_ping.c.obj[333/1209] Building C object esp-idf/lwip/CMakeFiles/__idf_lwip.dir/port/freertos/sys_arch.c.obj[334/1209] Building C object esp-idf/lwip/CMakeFiles/__idf_lwip.dir/lwip/src/netif/ppp/polarssl/md4.c.obj[335/1209] Building C object esp-idf/lwip/CMakeFiles/__idf_lwip.dir/lwip/src/netif/ppp/polarssl/md5.c.obj[336/1209] Linking C static library esp-idf/esp_netif/libesp_netif.a[337/1209] Building C object esp-idf/lwip/CMakeFiles/__idf_lwip.dir/lwip/src/netif/ppp/polarssl/arc4.c.obj[338/1209] Building C object esp-idf/lwip/CMakeFiles/__idf_lwip.dir/lwip/src/netif/ppp/polarssl/des.c.obj[339/1209] Building C object esp-idf/lwip/CMakeFiles/__idf_lwip.dir/lwip/src/netif/ppp/polarssl/sha1.c.obj[340/1209] Building C object esp-idf/esp_phy/CMakeFiles/__idf_esp_phy.dir/src/lib_printf.c.obj[341/1209] Building C object esp-idf/esp_phy/CMakeFiles/__idf_esp_phy.dir/src/phy_override.c.obj[342/1209] Building C object esp-idf/esp_phy/CMakeFiles/__idf_esp_phy.dir/esp32/phy_init_data.c.obj[343/1209] Building C object esp-idf/esp_vfs_console/CMakeFiles/__idf_esp_vfs_console.dir/vfs_console.c.obj[344/1209] Building C object esp-idf/lwip/CMakeFiles/__idf_lwip.dir/apps/ping/ping_sock.c.obj[345/1209] Building C object esp-idf/vfs/CMakeFiles/__idf_vfs.dir/nullfs.c.obj[346/1209] Building C object esp-idf/vfs/CMakeFiles/__idf_vfs.dir/vfs_semihost.c.obj[347/1209] Building C object esp-idf/vfs/CMakeFiles/__idf_vfs.dir/vfs_eventfd.c.obj[348/1209] Building C object esp-idf/esp_phy/CMakeFiles/__idf_esp_phy.dir/src/btbb_init.c.obj[349/1209] Building C object esp-idf/esp_phy/CMakeFiles/__idf_esp_phy.dir/src/phy_common.c.obj[350/1209] Building C object esp-idf/lwip/CMakeFiles/__idf_lwip.dir/apps/dhcpserver/dhcpserver.c.obj[351/1209] Building C object esp-idf/esp_phy/CMakeFiles/__idf_esp_phy.dir/src/phy_init.c.obj[352/1209] Building C object esp-idf/vfs/CMakeFiles/__idf_vfs.dir/vfs.c.obj[353/1209] Linking C static library esp-idf/lwip/liblwip.a[354/1209] Linking C static library esp-idf/vfs/libvfs.a[355/1209] Linking C static library esp-idf/esp_vfs_console/libesp_vfs_console.a[356/1209] Building CXX object esp-idf/nvs_flash/CMakeFiles/__idf_nvs_flash.dir/src/nvs_partition.cpp.obj[357/1209] Building CXX object esp-idf/nvs_flash/CMakeFiles/__idf_nvs_flash.dir/src/nvs_partition_lookup.cpp.obj[358/1209] Building CXX object esp-idf/nvs_flash/CMakeFiles/__idf_nvs_flash.dir/src/nvs_item_hash_list.cpp.obj[359/1209] Building CXX object esp-idf/nvs_flash/CMakeFiles/__idf_nvs_flash.dir/src/nvs_cxx_api.cpp.obj[360/1209] Building CXX object esp-idf/nvs_flash/CMakeFiles/__idf_nvs_flash.dir/src/nvs_platform.cpp.obj[361/1209] Building CXX object esp-idf/nvs_flash/CMakeFiles/__idf_nvs_flash.dir/src/nvs_page.cpp.obj[362/1209] Building CXX object esp-idf/nvs_flash/CMakeFiles/__idf_nvs_flash.dir/src/nvs_handle_simple.cpp.obj[363/1209] Building C object esp-idf/nvs_flash/CMakeFiles/__idf_nvs_flash.dir/src/nvs_bootloader_aes.c.obj[364/1209] Linking C static library esp-idf/esp_phy/libesp_phy.a[365/1209] Building C object esp-idf/nvs_flash/CMakeFiles/__idf_nvs_flash.dir/src/nvs_bootloader_xts_aes.c.obj[366/1209] Building CXX object esp-idf/nvs_flash/CMakeFiles/__idf_nvs_flash.dir/src/nvs_storage.cpp.obj[367/1209] Building CXX object esp-idf/nvs_flash/CMakeFiles/__idf_nvs_flash.dir/src/nvs_handle_locked.cpp.obj[368/1209] Building C object esp-idf/esp_event/CMakeFiles/__idf_esp_event.dir/default_event_loop.c.obj[369/1209] Building C object esp-idf/esp_event/CMakeFiles/__idf_esp_event.dir/esp_event_private.c.obj[370/1209] Building CXX object esp-idf/nvs_flash/CMakeFiles/__idf_nvs_flash.dir/src/nvs_pagemanager.cpp.obj[371/1209] Building C object esp-idf/nvs_flash/CMakeFiles/__idf_nvs_flash.dir/src/nvs_bootloader.c.obj[372/1209] Building C object esp-idf/esp_driver_uart/CMakeFiles/__idf_esp_driver_uart.dir/src/uart_wakeup.c.obj[373/1209] Building CXX object esp-idf/nvs_flash/CMakeFiles/__idf_nvs_flash.dir/src/nvs_types.cpp.obj[374/1209] Building C object esp-idf/esp_psram/CMakeFiles/__idf_esp_psram.dir/system_layer/esp_psram_mspi.c.obj[375/1209] Building CXX object esp-idf/nvs_flash/CMakeFiles/__idf_nvs_flash.dir/src/nvs_partition_manager.cpp.obj[376/1209] Building CXX object esp-idf/nvs_flash/CMakeFiles/__idf_nvs_flash.dir/src/nvs_api.cpp.obj[377/1209] Building C object esp-idf/esp_driver_spi/CMakeFiles/__idf_esp_driver_spi.dir/src/gpspi/spi_dma.c.obj[378/1209] Building C object esp-idf/esp_driver_uart/CMakeFiles/__idf_esp_driver_uart.dir/src/uart_vfs.c.obj[379/1209] Building C object esp-idf/esp_event/CMakeFiles/__idf_esp_event.dir/esp_event.c.obj[380/1209] Building C object esp-idf/esp_timer/CMakeFiles/__idf_esp_timer.dir/src/esp_timer_init.c.obj[381/1209] Building C object esp-idf/esp_driver_gptimer/CMakeFiles/__idf_esp_driver_gptimer.dir/src/gptimer_common.c.obj[382/1209] Building C object esp-idf/esp_driver_spi/CMakeFiles/__idf_esp_driver_spi.dir/src/gpspi/spi_slave.c.obj[383/1209] Building C object esp-idf/esp_timer/CMakeFiles/__idf_esp_timer.dir/src/ets_timer_legacy.c.obj[384/1209] Building C object esp-idf/esp_timer/CMakeFiles/__idf_esp_timer.dir/src/esp_timer_impl_common.c.obj[385/1209] Building C object esp-idf/esp_timer/CMakeFiles/__idf_esp_timer.dir/src/system_time.c.obj[386/1209] Building C object esp-idf/esp_driver_spi/CMakeFiles/__idf_esp_driver_spi.dir/src/gpspi/spi_common.c.obj[387/1209] Building C object esp-idf/esp_driver_gptimer/CMakeFiles/__idf_esp_driver_gptimer.dir/src/gptimer.c.obj[388/1209] Building CXX object esp-idf/cxx/CMakeFiles/__idf_cxx.dir/cxx_init.cpp.obj[389/1209] Building C object esp-idf/esp_timer/CMakeFiles/__idf_esp_timer.dir/src/esp_timer.c.obj[390/1209] Building CXX object esp-idf/cxx/CMakeFiles/__idf_cxx.dir/cxx_exception_stubs.cpp.obj[391/1209] Building C object esp-idf/esp_timer/CMakeFiles/__idf_esp_timer.dir/src/esp_timer_impl_lac.c.obj[392/1209] Building C object esp-idf/esp_driver_spi/CMakeFiles/__idf_esp_driver_spi.dir/src/gpspi/spi_master.c.obj[393/1209] Building C object esp-idf/esp_ringbuf/CMakeFiles/__idf_esp_ringbuf.dir/ringbuf.c.obj[394/1209] Building C object esp-idf/newlib/CMakeFiles/__idf_newlib.dir/src/init.c.obj[395/1209] Building C object esp-idf/newlib/CMakeFiles/__idf_newlib.dir/src/abort.c.obj[396/1209] Building C object esp-idf/pthread/CMakeFiles/__idf_pthread.dir/pthread_cond_var.c.obj[397/1209] Building CXX object esp-idf/nvs_flash/CMakeFiles/__idf_nvs_flash.dir/src/nvs_encrypted_partition.cpp.obj[398/1209] Building C object esp-idf/pthread/CMakeFiles/__idf_pthread.dir/pthread_local_storage.c.obj[399/1209] Building C object esp-idf/pthread/CMakeFiles/__idf_pthread.dir/pthread_rwlock.c.obj[400/1209] Building C object esp-idf/pthread/CMakeFiles/__idf_pthread.dir/pthread_semaphore.c.obj[401/1209] Linking C static library esp-idf/nvs_flash/libnvs_flash.a[402/1209] Building C object esp-idf/pthread/CMakeFiles/__idf_pthread.dir/pthread.c.obj[403/1209] Building C object esp-idf/newlib/CMakeFiles/__idf_newlib.dir/src/assert.c.obj[404/1209] Building C object esp-idf/newlib/CMakeFiles/__idf_newlib.dir/src/heap.c.obj[405/1209] Building C object esp-idf/newlib/CMakeFiles/__idf_newlib.dir/src/termios.c.obj[406/1209] Building C object esp-idf/newlib/CMakeFiles/__idf_newlib.dir/src/poll.c.obj[407/1209] Linking C static library esp-idf/esp_event/libesp_event.a[408/1209] Building CXX object esp-idf/cxx/CMakeFiles/__idf_cxx.dir/cxx_guards.cpp.obj[409/1209] Building C object esp-idf/newlib/CMakeFiles/__idf_newlib.dir/src/random.c.obj[410/1209] Building C object esp-idf/newlib/CMakeFiles/__idf_newlib.dir/src/pthread.c.obj[411/1209] Building C object esp-idf/newlib/CMakeFiles/__idf_newlib.dir/src/getentropy.c.obj[412/1209] Building C object esp-idf/newlib/CMakeFiles/__idf_newlib.dir/src/locks.c.obj[413/1209] Building C object esp-idf/newlib/CMakeFiles/__idf_newlib.dir/src/syscalls.c.obj[414/1209] Building C object esp-idf/newlib/CMakeFiles/__idf_newlib.dir/src/sysconf.c.obj[415/1209] Building C object esp-idf/newlib/CMakeFiles/__idf_newlib.dir/src/flockfile.c.obj[416/1209] Building C object esp-idf/newlib/CMakeFiles/__idf_newlib.dir/src/scandir.c.obj[417/1209] Building C object esp-idf/newlib/CMakeFiles/__idf_newlib.dir/src/reent_init.c.obj[418/1209] Building C object esp-idf/newlib/CMakeFiles/__idf_newlib.dir/src/reent_syscalls.c.obj[419/1209] Building C object esp-idf/newlib/CMakeFiles/__idf_newlib.dir/src/realpath.c.obj[420/1209] Building C object esp-idf/newlib/CMakeFiles/__idf_newlib.dir/src/port/esp_time_impl.c.obj[421/1209] Building C object esp-idf/freertos/CMakeFiles/__idf_freertos.dir/heap_idf.c.obj[422/1209] Building C object esp-idf/newlib/CMakeFiles/__idf_newlib.dir/src/time.c.obj[423/1209] Building C object esp-idf/newlib/CMakeFiles/__idf_newlib.dir/src/stdatomic.c.obj[424/1209] Building C object esp-idf/newlib/CMakeFiles/__idf_newlib.dir/src/newlib_init.c.obj[425/1209] Building C object esp-idf/freertos/CMakeFiles/__idf_freertos.dir/port_common.c.obj[426/1209] Building C object esp-idf/freertos/CMakeFiles/__idf_freertos.dir/port_systick.c.obj[427/1209] Building C object esp-idf/freertos/CMakeFiles/__idf_freertos.dir/app_startup.c.obj[428/1209] Building C object esp-idf/freertos/CMakeFiles/__idf_freertos.dir/FreeRTOS-Kernel/list.c.obj[429/1209] Building ASM object esp-idf/freertos/CMakeFiles/__idf_freertos.dir/FreeRTOS-Kernel/portable/xtensa/portasm.S.obj[430/1209] Building C object esp-idf/freertos/CMakeFiles/__idf_freertos.dir/FreeRTOS-Kernel/portable/xtensa/xtensa_init.c.obj[431/1209] Building C object esp-idf/esp_driver_uart/CMakeFiles/__idf_esp_driver_uart.dir/src/uart.c.obj[432/1209] Building C object esp-idf/freertos/CMakeFiles/__idf_freertos.dir/FreeRTOS-Kernel/event_groups.c.obj[433/1209] Building C object esp-idf/freertos/CMakeFiles/__idf_freertos.dir/FreeRTOS-Kernel/portable/xtensa/xtensa_overlay_os_hook.c.obj[434/1209] Linking C static library esp-idf/esp_driver_uart/libesp_driver_uart.a[435/1209] Building C object esp-idf/freertos/CMakeFiles/__idf_freertos.dir/esp_additions/freertos_compatibility.c.obj[436/1209] Building C object esp-idf/freertos/CMakeFiles/__idf_freertos.dir/esp_additions/idf_additions_event_groups.c.obj[437/1209] Linking C static library esp-idf/esp_psram/libesp_psram.a[438/1209] Building C object esp-idf/freertos/CMakeFiles/__idf_freertos.dir/FreeRTOS-Kernel/portable/xtensa/port.c.obj[439/1209] Building C object esp-idf/esp_hw_support/CMakeFiles/__idf_esp_hw_support.dir/port/esp32/cpu_region_protect.c.obj[440/1209] Linking C static library esp-idf/esp_driver_spi/libesp_driver_spi.a[441/1209] Building C object esp-idf/esp_hw_support/CMakeFiles/__idf_esp_hw_support.dir/port/esp32/esp_cpu_intr.c.obj[442/1209] Building C object esp-idf/freertos/CMakeFiles/__idf_freertos.dir/FreeRTOS-Kernel/stream_buffer.c.obj[443/1209] Building C object esp-idf/esp_hw_support/CMakeFiles/__idf_esp_hw_support.dir/cpu.c.obj[444/1209] Building C object esp-idf/esp_hw_support/CMakeFiles/__idf_esp_hw_support.dir/esp_memory_utils.c.obj[445/1209] Building C object esp-idf/freertos/CMakeFiles/__idf_freertos.dir/FreeRTOS-Kernel/timers.c.obj[446/1209] Building C object esp-idf/freertos/CMakeFiles/__idf_freertos.dir/FreeRTOS-Kernel/queue.c.obj[447/1209] Linking C static library esp-idf/esp_ringbuf/libesp_ringbuf.a[448/1209] Building C object esp-idf/freertos/CMakeFiles/__idf_freertos.dir/esp_additions/idf_additions.c.obj[449/1209] Building C object esp-idf/esp_hw_support/CMakeFiles/__idf_esp_hw_support.dir/hw_random.c.obj[450/1209] Building C object esp-idf/esp_hw_support/CMakeFiles/__idf_esp_hw_support.dir/revision.c.obj[451/1209] Linking C static library esp-idf/esp_driver_gptimer/libesp_driver_gptimer.a[452/1209] Linking C static library esp-idf/esp_timer/libesp_timer.a[453/1209] Building C object esp-idf/esp_hw_support/CMakeFiles/__idf_esp_hw_support.dir/esp_gpio_reserve.c.obj[454/1209] Linking C static library esp-idf/cxx/libcxx.a[455/1209] Building C object esp-idf/esp_hw_support/CMakeFiles/__idf_esp_hw_support.dir/clk_ctrl_os.c.obj[456/1209] Building C object esp-idf/esp_hw_support/CMakeFiles/__idf_esp_hw_support.dir/mac_addr.c.obj[457/1209] Building C object esp-idf/esp_hw_support/CMakeFiles/__idf_esp_hw_support.dir/esp_clk.c.obj[458/1209] Linking C static library esp-idf/pthread/libpthread.a[459/1209] Building C object esp-idf/esp_hw_support/CMakeFiles/__idf_esp_hw_support.dir/sar_periph_ctrl_common.c.obj[460/1209] Building C object esp-idf/esp_hw_support/CMakeFiles/__idf_esp_hw_support.dir/regi2c_ctrl.c.obj[461/1209] Building C object esp-idf/esp_hw_support/CMakeFiles/__idf_esp_hw_support.dir/port/esp32/io_mux.c.obj[462/1209] Linking C static library esp-idf/newlib/libnewlib.a[463/1209] Building C object esp-idf/esp_hw_support/CMakeFiles/__idf_esp_hw_support.dir/rtc_module.c.obj[464/1209] Building C object esp-idf/esp_hw_support/CMakeFiles/__idf_esp_hw_support.dir/periph_ctrl.c.obj[465/1209] Building C object esp-idf/esp_hw_support/CMakeFiles/__idf_esp_hw_support.dir/port/esp32/esp_clk_tree.c.obj[466/1209] Building C object esp-idf/esp_hw_support/CMakeFiles/__idf_esp_hw_support.dir/clk_utils.c.obj[467/1209] Building C object esp-idf/esp_hw_support/CMakeFiles/__idf_esp_hw_support.dir/dma/esp_dma_utils.c.obj[468/1209] Building C object esp-idf/esp_hw_support/CMakeFiles/__idf_esp_hw_support.dir/dma/gdma_link.c.obj[469/1209] Building C object esp-idf/esp_hw_support/CMakeFiles/__idf_esp_hw_support.dir/port/esp_clk_tree_common.c.obj[470/1209] Building C object esp-idf/esp_hw_support/CMakeFiles/__idf_esp_hw_support.dir/sleep_console.c.obj[471/1209] Building C object esp-idf/esp_hw_support/CMakeFiles/__idf_esp_hw_support.dir/sleep_mspi.c.obj[472/1209] Building C object esp-idf/esp_hw_support/CMakeFiles/__idf_esp_hw_support.dir/spi_bus_lock.c.obj[473/1209] Building C object esp-idf/esp_hw_support/CMakeFiles/__idf_esp_hw_support.dir/spi_share_hw_ctrl.c.obj[474/1209] Building C object esp-idf/esp_hw_support/CMakeFiles/__idf_esp_hw_support.dir/sleep_modem.c.obj[475/1209] Building C object esp-idf/esp_hw_support/CMakeFiles/__idf_esp_hw_support.dir/sleep_usb.c.obj[476/1209] Building C object esp-idf/esp_hw_support/CMakeFiles/__idf_esp_hw_support.dir/adc_share_hw_ctrl.c.obj[477/1209] Building C object esp-idf/esp_hw_support/CMakeFiles/__idf_esp_hw_support.dir/intr_alloc.c.obj[478/1209] Building C object esp-idf/esp_hw_support/CMakeFiles/__idf_esp_hw_support.dir/sleep_event.c.obj[479/1209] Building C object esp-idf/esp_hw_support/CMakeFiles/__idf_esp_hw_support.dir/mspi_timing_tuning/mspi_timing_tuning.c.obj[480/1209] Building C object esp-idf/esp_hw_support/CMakeFiles/__idf_esp_hw_support.dir/rtc_wdt.c.obj[481/1209] Building C object esp-idf/esp_hw_support/CMakeFiles/__idf_esp_hw_support.dir/power_supply/brownout.c.obj[482/1209] Building C object esp-idf/esp_hw_support/CMakeFiles/__idf_esp_hw_support.dir/sleep_gpio.c.obj[483/1209] Building C object esp-idf/freertos/CMakeFiles/__idf_freertos.dir/FreeRTOS-Kernel/tasks.c.obj[484/1209] Building C object esp-idf/esp_hw_support/CMakeFiles/__idf_esp_hw_support.dir/sleep_wake_stub.c.obj[485/1209] Building C object esp-idf/esp_hw_support/CMakeFiles/__idf_esp_hw_support.dir/port/esp32/rtc_clk_init.c.obj[486/1209] Building C object esp-idf/esp_hw_support/CMakeFiles/__idf_esp_hw_support.dir/esp_clock_output.c.obj[487/1209] Building C object esp-idf/esp_hw_support/CMakeFiles/__idf_esp_hw_support.dir/port/esp32/rtc_init.c.obj[488/1209] Building C object esp-idf/esp_hw_support/CMakeFiles/__idf_esp_hw_support.dir/port/esp32/chip_info.c.obj[489/1209] Building C object esp-idf/esp_security/CMakeFiles/__idf_esp_security.dir/src/esp_crypto_lock.c.obj[490/1209] Linking C static library esp-idf/freertos/libfreertos.a[491/1209] Building C object esp-idf/esp_hw_support/CMakeFiles/__idf_esp_hw_support.dir/port/esp32/cache_sram_mmu.c.obj[492/1209] Building C object esp-idf/esp_hw_support/CMakeFiles/__idf_esp_hw_support.dir/port/esp32/sar_periph_ctrl.c.obj[493/1209] Building C object esp-idf/esp_security/CMakeFiles/__idf_esp_security.dir/src/init.c.obj[494/1209] Building C object esp-idf/soc/CMakeFiles/__idf_soc.dir/dport_access_common.c.obj[495/1209] Building C object esp-idf/esp_security/CMakeFiles/__idf_esp_security.dir/src/esp_crypto_periph_clk.c.obj[496/1209] Building C object esp-idf/soc/CMakeFiles/__idf_soc.dir/lldesc.c.obj[497/1209] Building C object esp-idf/soc/CMakeFiles/__idf_soc.dir/esp32/interrupts.c.obj[498/1209] Building C object esp-idf/soc/CMakeFiles/__idf_soc.dir/esp32/gpio_periph.c.obj[499/1209] Building C object esp-idf/esp_hw_support/CMakeFiles/__idf_esp_hw_support.dir/port/esp32/rtc_sleep.c.obj[500/1209] Building C object esp-idf/soc/CMakeFiles/__idf_soc.dir/esp32/dport_access.c.obj[501/1209] Building C object esp-idf/soc/CMakeFiles/__idf_soc.dir/esp32/adc_periph.c.obj[502/1209] Building C object esp-idf/esp_hw_support/CMakeFiles/__idf_esp_hw_support.dir/port/esp32/rtc_time.c.obj[503/1209] Building C object esp-idf/soc/CMakeFiles/__idf_soc.dir/esp32/uart_periph.c.obj[504/1209] Building C object esp-idf/soc/CMakeFiles/__idf_soc.dir/esp32/spi_periph.c.obj[505/1209] Building C object esp-idf/soc/CMakeFiles/__idf_soc.dir/esp32/emac_periph.c.obj[506/1209] Building C object esp-idf/soc/CMakeFiles/__idf_soc.dir/esp32/rmt_periph.c.obj[507/1209] Building C object esp-idf/soc/CMakeFiles/__idf_soc.dir/esp32/sdm_periph.c.obj[508/1209] Building C object esp-idf/soc/CMakeFiles/__idf_soc.dir/esp32/i2c_periph.c.obj[509/1209] Building C object esp-idf/soc/CMakeFiles/__idf_soc.dir/esp32/pcnt_periph.c.obj[510/1209] Building C object esp-idf/soc/CMakeFiles/__idf_soc.dir/esp32/ledc_periph.c.obj[511/1209] Building C object esp-idf/soc/CMakeFiles/__idf_soc.dir/esp32/i2s_periph.c.obj[512/1209] Building C object esp-idf/soc/CMakeFiles/__idf_soc.dir/esp32/timer_periph.c.obj[513/1209] Building C object esp-idf/soc/CMakeFiles/__idf_soc.dir/esp32/mcpwm_periph.c.obj[514/1209] Building C object esp-idf/soc/CMakeFiles/__idf_soc.dir/esp32/mpi_periph.c.obj[515/1209] Building C object esp-idf/soc/CMakeFiles/__idf_soc.dir/esp32/lcd_periph.c.obj[516/1209] Building C object esp-idf/esp_hw_support/CMakeFiles/__idf_esp_hw_support.dir/port/esp32/rtc_clk.c.obj[517/1209] Building C object esp-idf/soc/CMakeFiles/__idf_soc.dir/esp32/sdmmc_periph.c.obj[518/1209] Building C object esp-idf/soc/CMakeFiles/__idf_soc.dir/esp32/touch_sensor_periph.c.obj[519/1209] Building C object esp-idf/soc/CMakeFiles/__idf_soc.dir/esp32/dac_periph.c.obj[520/1209] Building C object esp-idf/soc/CMakeFiles/__idf_soc.dir/esp32/wdt_periph.c.obj[521/1209] Building C object esp-idf/soc/CMakeFiles/__idf_soc.dir/esp32/twai_periph.c.obj[522/1209] Building C object esp-idf/soc/CMakeFiles/__idf_soc.dir/esp32/power_supply_periph.c.obj[523/1209] Building C object esp-idf/soc/CMakeFiles/__idf_soc.dir/esp32/rtc_io_periph.c.obj[524/1209] Building C object esp-idf/soc/CMakeFiles/__idf_soc.dir/esp32/sdio_slave_periph.c.obj[525/1209] Building C object esp-idf/heap/CMakeFiles/__idf_heap.dir/port/esp32/memory_layout.c.obj[526/1209] Building C object esp-idf/log/CMakeFiles/__idf_log.dir/src/os/log_timestamp.c.obj[527/1209] Building C object esp-idf/heap/CMakeFiles/__idf_heap.dir/port/memory_layout_utils.c.obj[528/1209] Building C object esp-idf/esp_hw_support/CMakeFiles/__idf_esp_hw_support.dir/sleep_modes.c.obj[529/1209] Building C object esp-idf/heap/CMakeFiles/__idf_heap.dir/heap_caps_base.c.obj[530/1209] Building C object esp-idf/log/CMakeFiles/__idf_log.dir/src/log_timestamp_common.c.obj[531/1209] Building C object esp-idf/log/CMakeFiles/__idf_log.dir/src/os/log_lock.c.obj[532/1209] Linking C static library esp-idf/esp_hw_support/libesp_hw_support.a[533/1209] Building C object esp-idf/heap/CMakeFiles/__idf_heap.dir/heap_caps_init.c.obj[534/1209] Building C object esp-idf/heap/CMakeFiles/__idf_heap.dir/multi_heap.c.obj[535/1209] Building C object esp-idf/log/CMakeFiles/__idf_log.dir/src/os/util.c.obj[536/1209] Building C object esp-idf/log/CMakeFiles/__idf_log.dir/src/util.c.obj[537/1209] Building C object esp-idf/log/CMakeFiles/__idf_log.dir/src/buffer/log_buffers.c.obj[538/1209] Linking C static library esp-idf/esp_security/libesp_security.a[539/1209] Building C object esp-idf/log/CMakeFiles/__idf_log.dir/src/log_level/log_level.c.obj[540/1209] Building C object esp-idf/log/CMakeFiles/__idf_log.dir/src/log_print.c.obj[541/1209] Building C object esp-idf/log/CMakeFiles/__idf_log.dir/src/log.c.obj[542/1209] Building C object esp-idf/log/CMakeFiles/__idf_log.dir/src/log_level/tag_log_level/tag_log_level.c.obj[543/1209] Building C object esp-idf/log/CMakeFiles/__idf_log.dir/src/log_format_text.c.obj[544/1209] Building C object esp-idf/log/CMakeFiles/__idf_log.dir/src/os/log_write.c.obj[545/1209] Linking C static library esp-idf/soc/libsoc.a[546/1209] Building C object esp-idf/heap/CMakeFiles/__idf_heap.dir/heap_caps.c.obj[547/1209] Building C object esp-idf/hal/CMakeFiles/__idf_hal.dir/mpu_hal.c.obj[548/1209] Building C object esp-idf/hal/CMakeFiles/__idf_hal.dir/color_hal.c.obj[549/1209] Building C object esp-idf/hal/CMakeFiles/__idf_hal.dir/hal_utils.c.obj[550/1209] Building C object esp-idf/hal/CMakeFiles/__idf_hal.dir/esp32/efuse_hal.c.obj[551/1209] Building C object esp-idf/hal/CMakeFiles/__idf_hal.dir/efuse_hal.c.obj[552/1209] Building C object esp-idf/hal/CMakeFiles/__idf_hal.dir/esp32/cache_hal_esp32.c.obj[553/1209] Building C object esp-idf/hal/CMakeFiles/__idf_hal.dir/spi_flash_encrypt_hal_iram.c.obj[554/1209] Building C object esp-idf/hal/CMakeFiles/__idf_hal.dir/spi_flash_hal.c.obj[555/1209] Building C object esp-idf/hal/CMakeFiles/__idf_hal.dir/wdt_hal_iram.c.obj[556/1209] Building C object esp-idf/hal/CMakeFiles/__idf_hal.dir/mmu_hal.c.obj[557/1209] Building C object esp-idf/hal/CMakeFiles/__idf_hal.dir/gpio_hal.c.obj[558/1209] Building C object esp-idf/hal/CMakeFiles/__idf_hal.dir/rtc_io_hal.c.obj[559/1209] Building C object esp-idf/hal/CMakeFiles/__idf_hal.dir/uart_hal_iram.c.obj[560/1209] Building C object esp-idf/hal/CMakeFiles/__idf_hal.dir/ledc_hal.c.obj[561/1209] Building C object esp-idf/hal/CMakeFiles/__idf_hal.dir/spi_flash_hal_iram.c.obj[562/1209] Building C object esp-idf/hal/CMakeFiles/__idf_hal.dir/timer_hal.c.obj[563/1209] Building C object esp-idf/hal/CMakeFiles/__idf_hal.dir/esp32/clk_tree_hal.c.obj[564/1209] Building C object esp-idf/hal/CMakeFiles/__idf_hal.dir/pcnt_hal.c.obj[565/1209] Building C object esp-idf/hal/CMakeFiles/__idf_hal.dir/uart_hal.c.obj[566/1209] Building C object esp-idf/hal/CMakeFiles/__idf_hal.dir/i2c_hal_iram.c.obj[567/1209] Building C object esp-idf/hal/CMakeFiles/__idf_hal.dir/ledc_hal_iram.c.obj[568/1209] Building C object esp-idf/hal/CMakeFiles/__idf_hal.dir/rmt_hal.c.obj[569/1209] Building C object esp-idf/hal/CMakeFiles/__idf_hal.dir/sdm_hal.c.obj[570/1209] Building C object esp-idf/hal/CMakeFiles/__idf_hal.dir/sdmmc_hal.c.obj[571/1209] Building C object esp-idf/hal/CMakeFiles/__idf_hal.dir/i2c_hal.c.obj[572/1209] Building C object esp-idf/hal/CMakeFiles/__idf_hal.dir/mcpwm_hal.c.obj[573/1209] Building C object esp-idf/hal/CMakeFiles/__idf_hal.dir/adc_hal_common.c.obj[574/1209] Building C object esp-idf/hal/CMakeFiles/__idf_hal.dir/adc_oneshot_hal.c.obj[575/1209] Building C object esp-idf/hal/CMakeFiles/__idf_hal.dir/brownout_hal.c.obj[576/1209] Building C object esp-idf/hal/CMakeFiles/__idf_hal.dir/mpi_hal.c.obj[577/1209] Building C object esp-idf/hal/CMakeFiles/__idf_hal.dir/aes_hal.c.obj[578/1209] Building C object esp-idf/hal/CMakeFiles/__idf_hal.dir/i2s_hal.c.obj[579/1209] Building C object esp-idf/hal/CMakeFiles/__idf_hal.dir/sha_hal.c.obj[580/1209] Building C object esp-idf/hal/CMakeFiles/__idf_hal.dir/emac_hal.c.obj[581/1209] Building C object esp-idf/hal/CMakeFiles/__idf_hal.dir/spi_hal.c.obj[582/1209] Building C object esp-idf/hal/CMakeFiles/__idf_hal.dir/spi_slave_hal.c.obj[583/1209] Building C object esp-idf/hal/CMakeFiles/__idf_hal.dir/adc_hal.c.obj[584/1209] Building C object esp-idf/heap/CMakeFiles/__idf_heap.dir/tlsf/tlsf.c.obj[585/1209] Building C object esp-idf/hal/CMakeFiles/__idf_hal.dir/spi_slave_hal_iram.c.obj[586/1209] Building C object esp-idf/hal/CMakeFiles/__idf_hal.dir/twai_hal_v1.c.obj[587/1209] Building C object esp-idf/hal/CMakeFiles/__idf_hal.dir/touch_sens_hal.c.obj[588/1209] Building C object esp-idf/hal/CMakeFiles/__idf_hal.dir/touch_sensor_hal.c.obj[589/1209] Building C object esp-idf/esp_rom/CMakeFiles/__idf_esp_rom.dir/patches/esp_rom_crc.c.obj[590/1209] Building C object esp-idf/hal/CMakeFiles/__idf_hal.dir/esp32/touch_sensor_hal.c.obj[591/1209] Linking C static library esp-idf/heap/libheap.a[592/1209] Building C object esp-idf/esp_rom/CMakeFiles/__idf_esp_rom.dir/patches/esp_rom_efuse.c.obj[593/1209] Building C object esp-idf/hal/CMakeFiles/__idf_hal.dir/esp32/gpio_hal_workaround.c.obj[594/1209] Building C object esp-idf/esp_rom/CMakeFiles/__idf_esp_rom.dir/patches/esp_rom_gpio.c.obj[595/1209] Building C object esp-idf/esp_rom/CMakeFiles/__idf_esp_rom.dir/patches/esp_rom_sys.c.obj[596/1209] Linking C static library esp-idf/log/liblog.a[597/1209] Building ASM object esp-idf/esp_rom/CMakeFiles/__idf_esp_rom.dir/patches/esp_rom_longjmp.S.obj[598/1209] Building C object esp-idf/hal/CMakeFiles/__idf_hal.dir/spi_hal_iram.c.obj[599/1209] Building C object esp-idf/esp_rom/CMakeFiles/__idf_esp_rom.dir/patches/esp_rom_uart.c.obj[600/1209] Building C object esp-idf/esp_system/CMakeFiles/__idf_esp_system.dir/esp_err.c.obj[601/1209] Building C object esp-idf/esp_system/CMakeFiles/__idf_esp_system.dir/esp_system_console.c.obj[602/1209] Building C object esp-idf/esp_rom/CMakeFiles/__idf_esp_rom.dir/patches/esp_rom_print.c.obj[603/1209] Building C object esp-idf/esp_system/CMakeFiles/__idf_esp_system.dir/esp_ipc.c.obj[604/1209] Building C object esp-idf/esp_system/CMakeFiles/__idf_esp_system.dir/crosscore_int.c.obj[605/1209] Building C object esp-idf/hal/CMakeFiles/__idf_hal.dir/sdio_slave_hal.c.obj[606/1209] Building C object esp-idf/esp_system/CMakeFiles/__idf_esp_system.dir/freertos_hooks.c.obj[607/1209] Building C object esp-idf/esp_system/CMakeFiles/__idf_esp_system.dir/int_wdt.c.obj[608/1209] Building C object esp-idf/esp_system/CMakeFiles/__idf_esp_system.dir/esp_system.c.obj[609/1209] Building C object esp-idf/esp_system/CMakeFiles/__idf_esp_system.dir/startup.c.obj[610/1209] Building C object esp-idf/esp_common/CMakeFiles/__idf_esp_common.dir/src/esp_err_to_name.c.obj[611/1209] Building C object esp-idf/esp_system/CMakeFiles/__idf_esp_system.dir/system_time.c.obj[612/1209] Building C object esp-idf/esp_system/CMakeFiles/__idf_esp_system.dir/startup_funcs.c.obj[613/1209] Building C object esp-idf/esp_system/CMakeFiles/__idf_esp_system.dir/stack_check.c.obj[614/1209] Building C object esp-idf/esp_system/CMakeFiles/__idf_esp_system.dir/xt_wdt.c.obj[615/1209] Building C object esp-idf/esp_system/CMakeFiles/__idf_esp_system.dir/panic.c.obj[616/1209] Linking C static library esp-idf/hal/libhal.a[617/1209] Building C object esp-idf/esp_system/CMakeFiles/__idf_esp_system.dir/ubsan.c.obj[618/1209] Building C object esp-idf/esp_system/CMakeFiles/__idf_esp_system.dir/port/arch/xtensa/esp_ipc_isr_port.c.obj[619/1209] Building C object esp-idf/esp_system/CMakeFiles/__idf_esp_system.dir/port/image_process.c.obj[620/1209] Building C object esp-idf/esp_rom/CMakeFiles/__idf_esp_rom.dir/patches/esp_rom_spiflash.c.obj[621/1209] Building ASM object esp-idf/esp_system/CMakeFiles/__idf_esp_system.dir/port/arch/xtensa/esp_ipc_isr_handler.S.obj[622/1209] Building ASM object esp-idf/esp_system/CMakeFiles/__idf_esp_system.dir/port/arch/xtensa/esp_ipc_isr_routines.S.obj[623/1209] Building C object esp-idf/esp_system/CMakeFiles/__idf_esp_system.dir/task_wdt/task_wdt_impl_timergroup.c.obj[624/1209] Linking C static library esp-idf/esp_rom/libesp_rom.a[625/1209] Building C object esp-idf/esp_system/CMakeFiles/__idf_esp_system.dir/port/esp_system_chip.c.obj[626/1209] Building ASM object esp-idf/esp_system/CMakeFiles/__idf_esp_system.dir/port/arch/xtensa/expression_with_stack_asm.S.obj[627/1209] Building ASM object esp-idf/esp_system/CMakeFiles/__idf_esp_system.dir/port/arch/xtensa/panic_handler_asm.S.obj[628/1209] Building C object esp-idf/esp_system/CMakeFiles/__idf_esp_system.dir/port/esp_ipc_isr.c.obj[629/1209] Building ASM object esp-idf/esp_system/CMakeFiles/__idf_esp_system.dir/port/arch/xtensa/debug_helpers_asm.S.obj[630/1209] Building C object esp-idf/esp_system/CMakeFiles/__idf_esp_system.dir/port/cpu_start.c.obj[631/1209] Building C object esp-idf/esp_system/CMakeFiles/__idf_esp_system.dir/port/arch/xtensa/debug_stubs.c.obj[632/1209] Building C object esp-idf/esp_system/CMakeFiles/__idf_esp_system.dir/port/panic_handler.c.obj[633/1209] Building C object esp-idf/esp_system/CMakeFiles/__idf_esp_system.dir/port/arch/xtensa/expression_with_stack.c.obj[634/1209] Building C object esp-idf/esp_system/CMakeFiles/__idf_esp_system.dir/port/arch/xtensa/trax.c.obj[635/1209] Building ASM object esp-idf/esp_system/CMakeFiles/__idf_esp_system.dir/port/soc/esp32/highint_hdl.S.obj[636/1209] Building C object esp-idf/esp_system/CMakeFiles/__idf_esp_system.dir/task_wdt/task_wdt.c.obj[637/1209] Linking C static library esp-idf/esp_common/libesp_common.a[638/1209] Building C object esp-idf/esp_system/CMakeFiles/__idf_esp_system.dir/port/arch/xtensa/panic_arch.c.obj[639/1209] Building C object esp-idf/esp_system/CMakeFiles/__idf_esp_system.dir/port/soc/esp32/reset_reason.c.obj[640/1209] Building C object esp-idf/spi_flash/CMakeFiles/__idf_spi_flash.dir/flash_brownout_hook.c.obj[641/1209] Building C object esp-idf/esp_system/CMakeFiles/__idf_esp_system.dir/port/soc/esp32/cache_err_int.c.obj[642/1209] Building C object esp-idf/spi_flash/CMakeFiles/__idf_spi_flash.dir/spi_flash_chip_issi.c.obj[643/1209] Building C object esp-idf/spi_flash/CMakeFiles/__idf_spi_flash.dir/spi_flash_chip_drivers.c.obj[644/1209] Building C object esp-idf/esp_system/CMakeFiles/__idf_esp_system.dir/port/arch/xtensa/debug_helpers.c.obj[645/1209] Building C object esp-idf/spi_flash/CMakeFiles/__idf_spi_flash.dir/spi_flash_chip_mxic.c.obj[646/1209] Building C object esp-idf/spi_flash/CMakeFiles/__idf_spi_flash.dir/spi_flash_chip_boya.c.obj[647/1209] Building C object esp-idf/esp_system/CMakeFiles/__idf_esp_system.dir/port/soc/esp32/clk.c.obj[648/1209] Building C object esp-idf/spi_flash/CMakeFiles/__idf_spi_flash.dir/spi_flash_chip_th.c.obj[649/1209] Building C object esp-idf/spi_flash/CMakeFiles/__idf_spi_flash.dir/spi_flash_chip_gd.c.obj[650/1209] Building C object esp-idf/esp_system/CMakeFiles/__idf_esp_system.dir/port/soc/esp32/system_internal.c.obj[651/1209] Building C object esp-idf/spi_flash/CMakeFiles/__idf_spi_flash.dir/spi_flash_wrap.c.obj[652/1209] Building C object esp-idf/spi_flash/CMakeFiles/__idf_spi_flash.dir/spi_flash_chip_winbond.c.obj[653/1209] Building C object esp-idf/spi_flash/CMakeFiles/__idf_spi_flash.dir/spi_flash_chip_mxic_opi.c.obj[654/1209] Building C object esp-idf/spi_flash/CMakeFiles/__idf_spi_flash.dir/memspi_host_driver.c.obj[655/1209] Linking C static library esp-idf/esp_system/libesp_system.a[656/1209] Building C object esp-idf/spi_flash/CMakeFiles/__idf_spi_flash.dir/flash_ops.c.obj[657/1209] Building C object esp-idf/spi_flash/CMakeFiles/__idf_spi_flash.dir/spi_flash_os_func_noos.c.obj[658/1209] Building C object esp-idf/esp_mm/CMakeFiles/__idf_esp_mm.dir/port/esp32/ext_mem_layout.c.obj[659/1209] Building C object esp-idf/spi_flash/CMakeFiles/__idf_spi_flash.dir/cache_utils.c.obj[660/1209] Building C object esp-idf/spi_flash/CMakeFiles/__idf_spi_flash.dir/flash_mmap.c.obj[661/1209] Building C object esp-idf/esp_mm/CMakeFiles/__idf_esp_mm.dir/heap_align_hw.c.obj[662/1209] Building C object esp-idf/esp_mm/CMakeFiles/__idf_esp_mm.dir/esp_cache_utils.c.obj[663/1209] Building C object esp-idf/spi_flash/CMakeFiles/__idf_spi_flash.dir/spi_flash_os_func_app.c.obj[664/1209] Building C object esp-idf/esp_mm/CMakeFiles/__idf_esp_mm.dir/cache_esp32.c.obj[665/1209] Building C object esp-idf/spi_flash/CMakeFiles/__idf_spi_flash.dir/spi_flash_chip_generic.c.obj[666/1209] Building C object esp-idf/bootloader_support/CMakeFiles/__idf_bootloader_support.dir/src/bootloader_random.c.obj[667/1209] Building C object esp-idf/bootloader_support/CMakeFiles/__idf_bootloader_support.dir/src/bootloader_mem.c.obj[668/1209] Building C object esp-idf/bootloader_support/CMakeFiles/__idf_bootloader_support.dir/src/bootloader_efuse.c.obj[669/1209] Building C object esp-idf/esp_mm/CMakeFiles/__idf_esp_mm.dir/esp_cache_msync.c.obj[670/1209] Building C object esp-idf/spi_flash/CMakeFiles/__idf_spi_flash.dir/esp_flash_spi_init.c.obj[671/1209] Building C object esp-idf/bootloader_support/CMakeFiles/__idf_bootloader_support.dir/src/bootloader_clock_init.c.obj[672/1209] Building C object esp-idf/bootloader_support/CMakeFiles/__idf_bootloader_support.dir/src/bootloader_common.c.obj[673/1209] Building C object esp-idf/bootloader_support/CMakeFiles/__idf_bootloader_support.dir/src/bootloader_common_loader.c.obj[674/1209] Building C object esp-idf/bootloader_support/CMakeFiles/__idf_bootloader_support.dir/src/secure_boot.c.obj[675/1209] Building C object esp-idf/bootloader_support/CMakeFiles/__idf_bootloader_support.dir/src/bootloader_random_esp32.c.obj[676/1209] Building C object esp-idf/bootloader_support/CMakeFiles/__idf_bootloader_support.dir/src/flash_encrypt.c.obj[677/1209] Building C object esp-idf/spi_flash/CMakeFiles/__idf_spi_flash.dir/esp_flash_api.c.obj[678/1209] Building C object esp-idf/bootloader_support/CMakeFiles/__idf_bootloader_support.dir/bootloader_flash/src/flash_qio_mode.c.obj[679/1209] Building C object esp-idf/bootloader_support/CMakeFiles/__idf_bootloader_support.dir/src/bootloader_sha.c.obj[680/1209] Building C object esp-idf/bootloader_support/CMakeFiles/__idf_bootloader_support.dir/src/flash_partitions.c.obj[681/1209] Building C object esp-idf/bootloader_support/CMakeFiles/__idf_bootloader_support.dir/src/esp32/secure_boot_secure_features.c.obj[682/1209] Linking C static library esp-idf/spi_flash/libspi_flash.a[683/1209] Building C object esp-idf/esp_mm/CMakeFiles/__idf_esp_mm.dir/esp_mmu_map.c.obj[684/1209] Building C object esp-idf/efuse/CMakeFiles/__idf_efuse.dir/esp32/esp_efuse_table.c.obj[685/1209] Building C object esp-idf/bootloader_support/CMakeFiles/__idf_bootloader_support.dir/bootloader_flash/src/bootloader_flash.c.obj[686/1209] Building C object esp-idf/efuse/CMakeFiles/__idf_efuse.dir/esp32/esp_efuse_fields.c.obj[687/1209] Linking C static library esp-idf/esp_mm/libesp_mm.a[688/1209] Building C object esp-idf/bootloader_support/CMakeFiles/__idf_bootloader_support.dir/src/bootloader_utility.c.obj[689/1209] Building C object esp-idf/efuse/CMakeFiles/__idf_efuse.dir/src/esp_efuse_fields.c.obj[690/1209] Building C object esp-idf/bootloader_support/CMakeFiles/__idf_bootloader_support.dir/bootloader_flash/src/bootloader_flash_config_esp32.c.obj[691/1209] Building C object esp-idf/efuse/CMakeFiles/__idf_efuse.dir/src/esp_efuse_startup.c.obj[692/1209] Building C object esp-idf/bootloader_support/CMakeFiles/__idf_bootloader_support.dir/src/esp_image_format.c.obj[693/1209] Building C object esp-idf/app_update/CMakeFiles/__idf_app_update.dir/esp_ota_app_desc.c.obj[694/1209] Building C object esp-idf/efuse/CMakeFiles/__idf_efuse.dir/src/efuse_controller/keys/without_key_purposes/three_key_blocks/esp_efuse_api_key.c.obj[695/1209] Building C object esp-idf/efuse/CMakeFiles/__idf_efuse.dir/src/esp_efuse_api.c.obj[696/1209] Building C object esp-idf/efuse/CMakeFiles/__idf_efuse.dir/esp32/esp_efuse_utility.c.obj[697/1209] Building C object esp-idf/esp_partition/CMakeFiles/__idf_esp_partition.dir/partition_target.c.obj[698/1209] Building C object esp-idf/esp_bootloader_format/CMakeFiles/__idf_esp_bootloader_format.dir/esp_bootloader_desc.c.obj[699/1209] Linking C static library esp-idf/bootloader_support/libbootloader_support.a[700/1209] Building C object esp-idf/mbedtls/mbedtls/library/CMakeFiles/mbedtls.dir/mps_reader.c.obj[701/1209] Building C object esp-idf/mbedtls/mbedtls/library/CMakeFiles/mbedtls.dir/debug.c.obj[702/1209] Building C object esp-idf/efuse/CMakeFiles/__idf_efuse.dir/src/esp_efuse_utility.c.obj[703/1209] Building C object esp-idf/esp_app_format/CMakeFiles/__idf_esp_app_format.dir/esp_app_desc.c.obj[704/1209] Building C object esp-idf/mbedtls/mbedtls/library/CMakeFiles/mbedtls.dir/mps_trace.c.obj[705/1209] Linking C static library esp-idf/efuse/libefuse.a[706/1209] Building C object esp-idf/esp_partition/CMakeFiles/__idf_esp_partition.dir/partition.c.obj[707/1209] Linking C static library esp-idf/esp_partition/libesp_partition.a[708/1209] Building C object esp-idf/mbedtls/mbedtls/library/CMakeFiles/mbedtls.dir/ssl_debug_helpers_generated.c.obj[709/1209] Building C object esp-idf/mbedtls/mbedtls/library/CMakeFiles/mbedtls.dir/ssl_cookie.c.obj[710/1209] Building C object esp-idf/mbedtls/mbedtls/library/CMakeFiles/mbedtls.dir/ssl_client.c.obj[711/1209] Building C object esp-idf/mbedtls/mbedtls/library/CMakeFiles/mbedtls.dir/ssl_ciphersuites.c.obj[712/1209] Building C object esp-idf/mbedtls/mbedtls/library/CMakeFiles/mbedtls.dir/ssl_ticket.c.obj[713/1209] Building C object esp-idf/mbedtls/mbedtls/library/CMakeFiles/mbedtls.dir/ssl_tls13_server.c.obj[714/1209] Building C object esp-idf/mbedtls/mbedtls/library/CMakeFiles/mbedtls.dir/ssl_tls13_keys.c.obj[715/1209] Building C object esp-idf/mbedtls/mbedtls/library/CMakeFiles/mbedtls.dir/ssl_cache.c.obj[716/1209] Building C object esp-idf/mbedtls/mbedtls/library/CMakeFiles/mbedtls.dir/ssl_tls13_client.c.obj[717/1209] Building C object esp-idf/mbedtls/mbedtls/library/CMakeFiles/mbedtls.dir/home/miswired/.cache/esphome/idf/frameworks/5.5.5/components/mbedtls/port/esp_platform_time.c.obj[718/1209] Building C object esp-idf/mbedtls/mbedtls/library/CMakeFiles/mbedtls.dir/ssl_tls13_generic.c.obj[719/1209] Building C object esp-idf/app_update/CMakeFiles/__idf_app_update.dir/esp_ota_ops.c.obj[720/1209] Building C object esp-idf/mbedtls/mbedtls/library/CMakeFiles/mbedx509.dir/pkcs7.c.obj[721/1209] Linking C static library esp-idf/app_update/libapp_update.a[722/1209] Building C object esp-idf/mbedtls/mbedtls/library/CMakeFiles/mbedtls.dir/home/miswired/.cache/esphome/idf/frameworks/5.5.5/components/mbedtls/port/mbedtls_debug.c.obj[723/1209] Linking C static library esp-idf/esp_bootloader_format/libesp_bootloader_format.a[724/1209] Linking C static library esp-idf/esp_app_format/libesp_app_format.a[725/1209] Building C object esp-idf/mbedtls/mbedtls/library/CMakeFiles/mbedx509.dir/x509_create.c.obj[726/1209] Building C object esp-idf/mbedtls/mbedtls/library/CMakeFiles/mbedtls.dir/ssl_tls12_client.c.obj[727/1209] Building C object esp-idf/mbedtls/mbedtls/library/CMakeFiles/mbedtls.dir/home/miswired/.cache/esphome/idf/frameworks/5.5.5/components/mbedtls/port/net_sockets.c.obj[728/1209] Building C object esp-idf/mbedtls/mbedtls/library/CMakeFiles/mbedx509.dir/x509_crl.c.obj[729/1209] Building C object esp-idf/mbedtls/mbedtls/library/CMakeFiles/mbedtls.dir/ssl_msg.c.obj[730/1209] Building C object esp-idf/mbedtls/mbedtls/library/CMakeFiles/mbedx509.dir/x509write.c.obj[731/1209] Building C object esp-idf/mbedtls/mbedtls/library/CMakeFiles/mbedcrypto.dir/aesni.c.obj[732/1209] Building C object esp-idf/mbedtls/mbedtls/library/CMakeFiles/mbedx509.dir/x509write_csr.c.obj[733/1209] Building C object esp-idf/mbedtls/mbedtls/library/CMakeFiles/mbedcrypto.dir/aesce.c.obj[734/1209] Building C object esp-idf/mbedtls/mbedtls/library/CMakeFiles/mbedx509.dir/x509_csr.c.obj[735/1209] Building C object esp-idf/mbedtls/mbedtls/library/CMakeFiles/mbedtls.dir/ssl_tls12_server.c.obj[736/1209] Building C object esp-idf/mbedtls/mbedtls/library/CMakeFiles/mbedx509.dir/x509write_crt.c.obj[737/1209] Building C object esp-idf/mbedtls/mbedtls/library/CMakeFiles/mbedcrypto.dir/aes.c.obj[738/1209] Building C object esp-idf/mbedtls/mbedtls/library/CMakeFiles/mbedx509.dir/x509.c.obj[739/1209] Building C object esp-idf/mbedtls/mbedtls/library/CMakeFiles/mbedcrypto.dir/asn1parse.c.obj[740/1209] Building C object esp-idf/mbedtls/mbedtls/library/CMakeFiles/mbedcrypto.dir/bignum_mod.c.obj[741/1209] Building C object esp-idf/mbedtls/mbedtls/library/CMakeFiles/mbedcrypto.dir/base64.c.obj[742/1209] Building C object esp-idf/mbedtls/mbedtls/library/CMakeFiles/mbedcrypto.dir/bignum_mod_raw.c.obj[743/1209] Building C object esp-idf/mbedtls/mbedtls/library/CMakeFiles/mbedcrypto.dir/asn1write.c.obj[744/1209] Building C object esp-idf/mbedtls/mbedtls/library/CMakeFiles/mbedcrypto.dir/block_cipher.c.obj[745/1209] Building C object esp-idf/mbedtls/mbedtls/library/CMakeFiles/mbedcrypto.dir/aria.c.obj[746/1209] Building C object esp-idf/mbedtls/mbedtls/library/CMakeFiles/mbedcrypto.dir/camellia.c.obj[747/1209] Building C object esp-idf/mbedtls/mbedtls/library/CMakeFiles/mbedcrypto.dir/chacha20.c.obj[748/1209] Building C object esp-idf/mbedtls/mbedtls/library/CMakeFiles/mbedcrypto.dir/chachapoly.c.obj[749/1209] Building C object esp-idf/mbedtls/mbedtls/library/CMakeFiles/mbedcrypto.dir/constant_time.c.obj[750/1209] Building C object esp-idf/mbedtls/mbedtls/library/CMakeFiles/mbedcrypto.dir/cipher_wrap.c.obj[751/1209] Building C object esp-idf/mbedtls/mbedtls/library/CMakeFiles/mbedcrypto.dir/des.c.obj[752/1209] Building C object esp-idf/mbedtls/mbedtls/library/CMakeFiles/mbedx509.dir/x509_crt.c.obj[753/1209] Building C object esp-idf/mbedtls/mbedtls/library/CMakeFiles/mbedcrypto.dir/dhm.c.obj[754/1209] Building C object esp-idf/mbedtls/mbedtls/library/CMakeFiles/mbedtls.dir/ssl_tls.c.obj[755/1209] Building C object esp-idf/mbedtls/mbedtls/library/CMakeFiles/mbedcrypto.dir/ecjpake.c.obj[756/1209] Building C object esp-idf/mbedtls/mbedtls/library/CMakeFiles/mbedcrypto.dir/cmac.c.obj[757/1209] Linking CXX static library esp-idf/mbedtls/mbedtls/library/libmbedtls.a[758/1209] Building C object esp-idf/mbedtls/mbedtls/library/CMakeFiles/mbedcrypto.dir/ctr_drbg.c.obj[759/1209] Building C object esp-idf/mbedtls/mbedtls/library/CMakeFiles/mbedcrypto.dir/ccm.c.obj[760/1209] Building C object esp-idf/mbedtls/mbedtls/library/CMakeFiles/mbedcrypto.dir/bignum_core.c.obj[761/1209] Building C object esp-idf/mbedtls/mbedtls/library/CMakeFiles/mbedcrypto.dir/ecdh.c.obj[762/1209] Building C object esp-idf/mbedtls/mbedtls/library/CMakeFiles/mbedcrypto.dir/cipher.c.obj[763/1209] Building C object esp-idf/mbedtls/mbedtls/library/CMakeFiles/mbedcrypto.dir/ecp_curves_new.c.obj[764/1209] Building C object esp-idf/mbedtls/mbedtls/library/CMakeFiles/mbedcrypto.dir/entropy_poll.c.obj[765/1209] Building C object esp-idf/mbedtls/mbedtls/library/CMakeFiles/mbedcrypto.dir/ecdsa.c.obj[766/1209] Building C object esp-idf/mbedtls/mbedtls/library/CMakeFiles/mbedcrypto.dir/hkdf.c.obj[767/1209] Building C object esp-idf/mbedtls/mbedtls/library/CMakeFiles/mbedcrypto.dir/entropy.c.obj[768/1209] Building C object esp-idf/mbedtls/mbedtls/library/CMakeFiles/mbedcrypto.dir/bignum.c.obj[769/1209] Building C object esp-idf/mbedtls/mbedtls/library/CMakeFiles/mbedcrypto.dir/lmots.c.obj[770/1209] Building C object esp-idf/mbedtls/mbedtls/library/CMakeFiles/mbedcrypto.dir/hmac_drbg.c.obj[771/1209] Building C object esp-idf/mbedtls/mbedtls/library/CMakeFiles/mbedcrypto.dir/md.c.obj[772/1209] Building C object esp-idf/mbedtls/mbedtls/library/CMakeFiles/mbedcrypto.dir/memory_buffer_alloc.c.obj[773/1209] Building C object esp-idf/mbedtls/mbedtls/library/CMakeFiles/mbedcrypto.dir/md5.c.obj[774/1209] Building C object esp-idf/mbedtls/mbedtls/library/CMakeFiles/mbedcrypto.dir/nist_kw.c.obj[775/1209] Building C object esp-idf/mbedtls/mbedtls/library/CMakeFiles/mbedcrypto.dir/error.c.obj[776/1209] Building C object esp-idf/mbedtls/mbedtls/library/CMakeFiles/mbedcrypto.dir/padlock.c.obj[777/1209] Building C object esp-idf/mbedtls/mbedtls/library/CMakeFiles/mbedcrypto.dir/lms.c.obj[778/1209] Building C object esp-idf/mbedtls/mbedtls/library/CMakeFiles/mbedcrypto.dir/pk_ecc.c.obj[779/1209] Building C object esp-idf/mbedtls/mbedtls/library/CMakeFiles/mbedcrypto.dir/pem.c.obj[780/1209] Building C object esp-idf/mbedtls/mbedtls/library/CMakeFiles/mbedcrypto.dir/gcm.c.obj[781/1209] Building C object esp-idf/mbedtls/mbedtls/library/CMakeFiles/mbedcrypto.dir/oid.c.obj[782/1209] Building C object esp-idf/mbedtls/mbedtls/library/CMakeFiles/mbedcrypto.dir/pk_wrap.c.obj[783/1209] Building C object esp-idf/mbedtls/mbedtls/library/CMakeFiles/mbedcrypto.dir/platform.c.obj[784/1209] Building C object esp-idf/mbedtls/mbedtls/library/CMakeFiles/mbedcrypto.dir/pkcs5.c.obj[785/1209] Building C object esp-idf/mbedtls/mbedtls/library/CMakeFiles/mbedcrypto.dir/pkcs12.c.obj[786/1209] Building C object esp-idf/mbedtls/mbedtls/library/CMakeFiles/mbedcrypto.dir/ecp_curves.c.obj[787/1209] Building C object esp-idf/mbedtls/mbedtls/library/CMakeFiles/mbedcrypto.dir/poly1305.c.obj[788/1209] Building C object esp-idf/mbedtls/mbedtls/library/CMakeFiles/mbedcrypto.dir/platform_util.c.obj[789/1209] Building C object esp-idf/mbedtls/mbedtls/library/CMakeFiles/mbedcrypto.dir/pk.c.obj[790/1209] Building C object esp-idf/mbedtls/mbedtls/library/CMakeFiles/mbedcrypto.dir/psa_crypto_client.c.obj[791/1209] Building C object esp-idf/mbedtls/mbedtls/library/CMakeFiles/mbedcrypto.dir/pkwrite.c.obj[792/1209] Building C object esp-idf/mbedtls/mbedtls/library/CMakeFiles/mbedcrypto.dir/ecp.c.obj[793/1209] Building C object esp-idf/mbedtls/mbedtls/library/CMakeFiles/mbedcrypto.dir/psa_crypto_aead.c.obj[794/1209] Building C object esp-idf/mbedtls/mbedtls/library/CMakeFiles/mbedcrypto.dir/psa_crypto_driver_wrappers_no_static.c.obj[795/1209] Building C object esp-idf/mbedtls/mbedtls/library/CMakeFiles/mbedcrypto.dir/psa_crypto_ffdh.c.obj[796/1209] Building C object esp-idf/mbedtls/mbedtls/library/CMakeFiles/mbedcrypto.dir/pkparse.c.obj[797/1209] Building C object esp-idf/mbedtls/mbedtls/library/CMakeFiles/mbedcrypto.dir/psa_crypto_cipher.c.obj[798/1209] Building C object esp-idf/mbedtls/mbedtls/library/CMakeFiles/mbedcrypto.dir/psa_crypto_pake.c.obj[799/1209] Building C object esp-idf/mbedtls/mbedtls/library/CMakeFiles/mbedcrypto.dir/psa_crypto_se.c.obj[800/1209] Building C object esp-idf/mbedtls/mbedtls/library/CMakeFiles/mbedcrypto.dir/psa_crypto_random.c.obj[801/1209] Building C object esp-idf/mbedtls/mbedtls/library/CMakeFiles/mbedcrypto.dir/psa_crypto_hash.c.obj[802/1209] Building C object esp-idf/mbedtls/mbedtls/library/CMakeFiles/mbedcrypto.dir/psa_crypto_storage.c.obj[803/1209] Building C object esp-idf/mbedtls/mbedtls/library/CMakeFiles/mbedcrypto.dir/psa_its_file.c.obj[804/1209] Building C object esp-idf/mbedtls/mbedtls/library/CMakeFiles/mbedcrypto.dir/ripemd160.c.obj[805/1209] Building C object esp-idf/mbedtls/mbedtls/library/CMakeFiles/mbedcrypto.dir/psa_crypto_ecp.c.obj[806/1209] Building C object esp-idf/mbedtls/mbedtls/library/CMakeFiles/mbedcrypto.dir/psa_crypto_mac.c.obj[807/1209] Building C object esp-idf/mbedtls/mbedtls/library/CMakeFiles/mbedcrypto.dir/sha1.c.obj[808/1209] Building C object esp-idf/mbedtls/mbedtls/library/CMakeFiles/mbedcrypto.dir/sha3.c.obj[809/1209] Building C object esp-idf/mbedtls/mbedtls/library/CMakeFiles/mbedcrypto.dir/sha512.c.obj[810/1209] Building C object esp-idf/mbedtls/mbedtls/library/CMakeFiles/mbedcrypto.dir/psa_util.c.obj[811/1209] Building C object esp-idf/mbedtls/mbedtls/library/CMakeFiles/mbedcrypto.dir/threading.c.obj[812/1209] Building C object esp-idf/mbedtls/mbedtls/library/CMakeFiles/mbedcrypto.dir/psa_crypto_slot_management.c.obj[813/1209] Building C object esp-idf/mbedtls/mbedtls/library/CMakeFiles/mbedcrypto.dir/sha256.c.obj[814/1209] Building C object esp-idf/mbedtls/mbedtls/library/CMakeFiles/mbedcrypto.dir/timing.c.obj[815/1209] Building C object esp-idf/mbedtls/mbedtls/library/CMakeFiles/mbedcrypto.dir/home/miswired/.cache/esphome/idf/frameworks/5.5.5/components/mbedtls/port/esp_mem.c.obj[816/1209] Building C object esp-idf/mbedtls/mbedtls/library/CMakeFiles/mbedcrypto.dir/psa_crypto_rsa.c.obj[817/1209] Building C object esp-idf/mbedtls/mbedtls/library/CMakeFiles/mbedcrypto.dir/rsa_alt_helpers.c.obj[818/1209] Building C object esp-idf/mbedtls/mbedtls/library/CMakeFiles/mbedcrypto.dir/version.c.obj[819/1209] Building C object esp-idf/mbedtls/mbedtls/library/CMakeFiles/mbedcrypto.dir/version_features.c.obj[820/1209] Building C object esp-idf/mbedtls/mbedtls/library/CMakeFiles/mbedcrypto.dir/home/miswired/.cache/esphome/idf/frameworks/5.5.5/components/mbedtls/port/esp_hardware.c.obj[821/1209] Building C object esp-idf/mbedtls/mbedtls/library/CMakeFiles/mbedcrypto.dir/home/miswired/.cache/esphome/idf/frameworks/5.5.5/components/mbedtls/port/esp_timing.c.obj[822/1209] Building C object esp-idf/mbedtls/mbedtls/library/CMakeFiles/mbedcrypto.dir/home/miswired/.cache/esphome/idf/frameworks/5.5.5/components/mbedtls/port/aes/esp_aes_common.c.obj[823/1209] Building C object esp-idf/mbedtls/mbedtls/library/CMakeFiles/mbedcrypto.dir/home/miswired/.cache/esphome/idf/frameworks/5.5.5/components/mbedtls/port/sha/esp_sha.c.obj[824/1209] Building C object esp-idf/mbedtls/mbedtls/library/CMakeFiles/mbedcrypto.dir/home/miswired/.cache/esphome/idf/frameworks/5.5.5/components/mbedtls/port/aes/esp_aes_xts.c.obj[825/1209] Building C object esp-idf/mbedtls/mbedtls/library/CMakeFiles/mbedcrypto.dir/home/miswired/.cache/esphome/idf/frameworks/5.5.5/components/mbedtls/port/bignum/bignum_alt.c.obj[826/1209] Building C object esp-idf/mbedtls/mbedtls/library/CMakeFiles/mbedcrypto.dir/home/miswired/.cache/esphome/idf/frameworks/5.5.5/components/mbedtls/port/sha/parallel_engine/sha.c.obj[827/1209] Building C object esp-idf/mbedtls/mbedtls/library/CMakeFiles/mbedcrypto.dir/home/miswired/.cache/esphome/idf/frameworks/5.5.5/components/mbedtls/port/md/esp_md.c.obj[828/1209] Linking CXX static library esp-idf/mbedtls/mbedtls/library/libmbedx509.a[829/1209] Building C object esp-idf/mbedtls/mbedtls/3rdparty/p256-m/CMakeFiles/p256m.dir/p256-m_driver_entrypoints.c.obj[830/1209] Building C object esp-idf/mbedtls/mbedtls/library/CMakeFiles/mbedcrypto.dir/home/miswired/.cache/esphome/idf/frameworks/5.5.5/components/mbedtls/port/sha/parallel_engine/esp_sha1.c.obj[831/1209] Building C object esp-idf/mbedtls/mbedtls/3rdparty/p256-m/CMakeFiles/p256m.dir/p256-m/p256-m.c.obj[832/1209] Building C object esp-idf/mbedtls/mbedtls/3rdparty/everest/CMakeFiles/everest.dir/library/everest.c.obj[833/1209] Building C object esp-idf/mbedtls/mbedtls/library/CMakeFiles/mbedcrypto.dir/home/miswired/.cache/esphome/idf/frameworks/5.5.5/components/mbedtls/port/aes/esp_aes_gcm.c.obj[834/1209] Building C object esp-idf/mbedtls/mbedtls/library/CMakeFiles/mbedcrypto.dir/home/miswired/.cache/esphome/idf/frameworks/5.5.5/components/mbedtls/port/bignum/esp_bignum.c.obj[835/1209] Building C object esp-idf/mbedtls/mbedtls/library/CMakeFiles/mbedcrypto.dir/home/miswired/.cache/esphome/idf/frameworks/5.5.5/components/mbedtls/port/aes/block/esp_aes.c.obj[836/1209] Building C object esp-idf/mbedtls/mbedtls/3rdparty/everest/CMakeFiles/everest.dir/library/x25519.c.obj[837/1209] Building C object esp-idf/mbedtls/mbedtls/3rdparty/everest/CMakeFiles/everest.dir/library/Hacl_Curve25519_joined.c.obj[838/1209] Creating directories for 'bootloader'[839/1209] No download step for 'bootloader'[840/1209] Building C object esp-idf/mbedtls/mbedtls/library/CMakeFiles/mbedcrypto.dir/home/miswired/.cache/esphome/idf/frameworks/5.5.5/components/mbedtls/port/sha/parallel_engine/esp_sha256.c.obj[841/1209] No update step for 'bootloader'[842/1209] No patch step for 'bootloader'[843/1209] Building C object esp-idf/mbedtls/mbedtls/library/CMakeFiles/mbedcrypto.dir/home/miswired/.cache/esphome/idf/frameworks/5.5.5/components/mbedtls/port/sha/parallel_engine/esp_sha512.c.obj[844/1209] Building C object esp-idf/mbedtls/mbedtls/library/CMakeFiles/mbedcrypto.dir/rsa.c.obj[845/1209] Building C object esp-idf/mbedtls/mbedtls/library/CMakeFiles/mbedcrypto.dir/psa_crypto.c.obj[846/1209] Linking CXX static library esp-idf/mbedtls/mbedtls/library/libmbedcrypto.a[847/1209] Linking CXX static library esp-idf/mbedtls/mbedtls/3rdparty/p256-m/libp256m.a[848/1209] Linking CXX static library esp-idf/mbedtls/mbedtls/3rdparty/everest/libeverest.a[849/1209] Generating x509_crt_bundle[850/1209] Generating ../../x509_crt_bundle.S[851/1209] Building ASM object esp-idf/mbedtls/CMakeFiles/__idf_mbedtls.dir/__/__/x509_crt_bundle.S.obj[852/1209] Building C object esp-idf/xtensa/CMakeFiles/__idf_xtensa.dir/eri.c.obj[853/1209] Building C object esp-idf/esp_pm/CMakeFiles/__idf_esp_pm.dir/pm_trace.c.obj[854/1209] Building C object esp-idf/esp_driver_gpio/CMakeFiles/__idf_esp_driver_gpio.dir/src/gpio_glitch_filter_ops.c.obj[855/1209] Building ASM object esp-idf/xtensa/CMakeFiles/__idf_xtensa.dir/xtensa_context.S.obj[856/1209] Building C object esp-idf/esp_pm/CMakeFiles/__idf_esp_pm.dir/pm_locks.c.obj[857/1209] Building ASM object esp-idf/xtensa/CMakeFiles/__idf_xtensa.dir/xtensa_intr_asm.S.obj[858/1209] Building C object esp-idf/mbedtls/CMakeFiles/__idf_mbedtls.dir/esp_crt_bundle/esp_crt_bundle.c.obj[859/1209] Building ASM object esp-idf/xtensa/CMakeFiles/__idf_xtensa.dir/xtensa_vectors.S.obj[860/1209] Building C object esp-idf/xtensa/CMakeFiles/__idf_xtensa.dir/xt_trax.c.obj[861/1209] Linking C static library esp-idf/mbedtls/libmbedtls.a[862/1209] Building C object esp-idf/xtensa/CMakeFiles/__idf_xtensa.dir/xtensa_intr.c.obj[863/1209] Building C object esp-idf/esp_pm/CMakeFiles/__idf_esp_pm.dir/pm_impl.c.obj[864/1209] Building C object esp-idf/console/CMakeFiles/__idf_console.dir/esp_console_common.c.obj[865/1209] Linking C static library esp-idf/esp_pm/libesp_pm.a[866/1209] Building C object esp-idf/console/CMakeFiles/__idf_console.dir/split_argv.c.obj[867/1209] Building C object esp-idf/console/CMakeFiles/__idf_console.dir/esp_console_repl_internal.c.obj[868/1209] Building C object esp-idf/esp_driver_gpio/CMakeFiles/__idf_esp_driver_gpio.dir/src/rtc_io.c.obj[869/1209] Building C object esp-idf/console/CMakeFiles/__idf_console.dir/argtable3/arg_dbl.c.obj[870/1209] Building C object esp-idf/console/CMakeFiles/__idf_console.dir/argtable3/arg_cmd.c.obj[871/1209] Building C object esp-idf/console/CMakeFiles/__idf_console.dir/commands.c.obj[872/1209] Building C object esp-idf/console/CMakeFiles/__idf_console.dir/esp_console_repl_chip.c.obj[873/1209] Building C object esp-idf/console/CMakeFiles/__idf_console.dir/argtable3/arg_end.c.obj[874/1209] Building C object esp-idf/console/CMakeFiles/__idf_console.dir/argtable3/arg_dstr.c.obj[875/1209] Building C object esp-idf/console/CMakeFiles/__idf_console.dir/argtable3/arg_file.c.obj[876/1209] Building C object esp-idf/console/CMakeFiles/__idf_console.dir/argtable3/arg_lit.c.obj[877/1209] Building C object esp-idf/console/CMakeFiles/__idf_console.dir/argtable3/arg_rem.c.obj[878/1209] Building C object esp-idf/console/CMakeFiles/__idf_console.dir/argtable3/arg_date.c.obj[879/1209] Building C object esp-idf/console/CMakeFiles/__idf_console.dir/argtable3/arg_str.c.obj[880/1209] Building C object esp-idf/console/CMakeFiles/__idf_console.dir/argtable3/arg_hashtable.c.obj[881/1209] Building C object esp-idf/console/CMakeFiles/__idf_console.dir/argtable3/arg_int.c.obj[882/1209] Building C object esp-idf/console/CMakeFiles/__idf_console.dir/argtable3/arg_utils.c.obj[883/1209] Building C object esp-idf/console/CMakeFiles/__idf_console.dir/linenoise/linenoise.c.obj[884/1209] Building C object esp-idf/esp_eth/CMakeFiles/__idf_esp_eth.dir/src/esp_eth_netif_glue.c.obj[885/1209] Building C object esp-idf/console/CMakeFiles/__idf_console.dir/argtable3/arg_rex.c.obj[886/1209] Building C object esp-idf/esp_eth/CMakeFiles/__idf_esp_eth.dir/src/mac/esp_eth_mac_esp_dma.c.obj[887/1209] Building C object esp-idf/esp_driver_gpio/CMakeFiles/__idf_esp_driver_gpio.dir/src/gpio.c.obj[888/1209] Linking C static library esp-idf/esp_driver_gpio/libesp_driver_gpio.a[889/1209] Building C object esp-idf/esp_eth/CMakeFiles/__idf_esp_eth.dir/src/phy/esp_eth_phy_generic.c.obj[890/1209] Linking C static library esp-idf/xtensa/libxtensa.a[891/1209] Building C object esp-idf/console/CMakeFiles/__idf_console.dir/argtable3/argtable3.c.obj[892/1209] Building C object esp-idf/esp_eth/CMakeFiles/__idf_esp_eth.dir/src/mac/esp_eth_mac_esp.c.obj[893/1209] Building C object esp-idf/esp_eth/CMakeFiles/__idf_esp_eth.dir/src/phy/esp_eth_phy_802_3.c.obj[894/1209] Building C object esp-idf/esp_eth/CMakeFiles/__idf_esp_eth.dir/src/phy/esp_eth_phy_dp83848.c.obj[895/1209] Building C object esp-idf/esp_eth/CMakeFiles/__idf_esp_eth.dir/src/mac/esp_eth_mac_esp_gpio.c.obj[896/1209] Building C object esp-idf/esp_eth/CMakeFiles/__idf_esp_eth.dir/src/esp_eth.c.obj[897/1209] Building C object esp-idf/esp_eth/CMakeFiles/__idf_esp_eth.dir/src/phy/esp_eth_phy_ip101.c.obj[898/1209] Building C object esp-idf/unity/CMakeFiles/__idf_unity.dir/unity_compat.c.obj[899/1209] Building C object esp-idf/esp_eth/CMakeFiles/__idf_esp_eth.dir/src/phy/esp_eth_phy_ksz80xx.c.obj[900/1209] Building C object esp-idf/esp_eth/CMakeFiles/__idf_esp_eth.dir/src/phy/esp_eth_phy_lan87xx.c.obj[901/1209] Building C object esp-idf/unity/CMakeFiles/__idf_unity.dir/unity_utils_memory.c.obj[902/1209] Building C object esp-idf/unity/CMakeFiles/__idf_unity.dir/unity_utils_cache.c.obj[903/1209] Building C object esp-idf/unity/CMakeFiles/__idf_unity.dir/unity_utils_freertos.c.obj[904/1209] Building C object esp-idf/esp_eth/CMakeFiles/__idf_esp_eth.dir/src/phy/esp_eth_phy_rtl8201.c.obj[905/1209] Building C object esp-idf/unity/CMakeFiles/__idf_unity.dir/unity_runner.c.obj[906/1209] Linking C static library esp-idf/console/libconsole.a[907/1209] Building C object esp-idf/unity/CMakeFiles/__idf_unity.dir/port/esp/unity_utils_memory_esp.c.obj[908/1209] Linking C static library esp-idf/esp_eth/libesp_eth.a[909/1209] Building C object esp-idf/unity/CMakeFiles/__idf_unity.dir/unity_port_esp32.c.obj[910/1209] Building C object esp-idf/protocomm/CMakeFiles/__idf_protocomm.dir/proto-c/constants.pb-c.c.obj[911/1209] Building C object esp-idf/protocomm/CMakeFiles/__idf_protocomm.dir/proto-c/sec0.pb-c.c.obj[912/1209] Building C object esp-idf/protocomm/CMakeFiles/__idf_protocomm.dir/proto-c/session.pb-c.c.obj[913/1209] Building C object esp-idf/protocomm/CMakeFiles/__idf_protocomm.dir/proto-c/sec1.pb-c.c.obj[914/1209] Building C object esp-idf/protocomm/CMakeFiles/__idf_protocomm.dir/proto-c/sec2.pb-c.c.obj[915/1209] Building C object esp-idf/protocomm/CMakeFiles/__idf_protocomm.dir/src/common/protocomm.c.obj[916/1209] Building C object esp-idf/protocomm/CMakeFiles/__idf_protocomm.dir/src/transports/protocomm_console.c.obj[917/1209] Building C object esp-idf/esp_https_server/CMakeFiles/__idf_esp_https_server.dir/src/https_server.c.obj[918/1209] Building C object esp-idf/protocomm/CMakeFiles/__idf_protocomm.dir/src/security/security0.c.obj[919/1209] Building CXX object esp-idf/wear_levelling/CMakeFiles/__idf_wear_levelling.dir/Partition.cpp.obj[920/1209] Building C object esp-idf/protocomm/CMakeFiles/__idf_protocomm.dir/src/transports/protocomm_httpd.c.obj[921/1209] Building C object esp-idf/protocomm/CMakeFiles/__idf_protocomm.dir/src/crypto/srp6a/esp_srp_mpi.c.obj[922/1209] Building CXX object esp-idf/wear_levelling/CMakeFiles/__idf_wear_levelling.dir/SPI_Flash.cpp.obj[923/1209] Building CXX object esp-idf/wear_levelling/CMakeFiles/__idf_wear_levelling.dir/crc32.cpp.obj[924/1209] Building C object esp-idf/unity/CMakeFiles/__idf_unity.dir/unity/src/unity.c.obj[925/1209] Building C object esp-idf/protocomm/CMakeFiles/__idf_protocomm.dir/src/crypto/srp6a/esp_srp.c.obj[926/1209] Building CXX object esp-idf/wear_levelling/CMakeFiles/__idf_wear_levelling.dir/WL_Ext_Perf.cpp.obj[927/1209] Building C object esp-idf/protocomm/CMakeFiles/__idf_protocomm.dir/src/security/security1.c.obj[928/1209] Building C object esp-idf/protocomm/CMakeFiles/__idf_protocomm.dir/src/security/security2.c.obj[929/1209] Building CXX object esp-idf/wear_levelling/CMakeFiles/__idf_wear_levelling.dir/WL_Ext_Safe.cpp.obj[930/1209] Building CXX object esp-idf/wear_levelling/CMakeFiles/__idf_wear_levelling.dir/wear_levelling.cpp.obj[931/1209] Performing configure step for 'bootloader'
-- Found Git: /usr/bin/git (found version "2.55.0")
-- Component directory /home/miswired/.cache/esphome/idf/frameworks/5.5.5/components/esp_blockdev does not contain a CMakeLists.txt file. No component will be added
-- Minimal build - OFF
-- The C compiler identification is GNU 14.2.0
-- The CXX compiler identification is GNU 14.2.0
-- The ASM compiler identification is GNU
-- Found assembler: /home/miswired/.cache/esphome/idf/tools/xtensa-esp-elf/esp-14.2.0_20260121/xtensa-esp-elf/bin/xtensa-esp32-elf-gcc
-- Detecting C compiler ABI info
-- Detecting C compiler ABI info - done
-- Check for working C compiler: /home/miswired/.cache/esphome/idf/tools/xtensa-esp-elf/esp-14.2.0_20260121/xtensa-esp-elf/bin/xtensa-esp32-elf-gcc - skipped
-- Detecting C compile features
-- Detecting C compile features - done
-- Detecting CXX compiler ABI info
-- Detecting CXX compiler ABI info - done
-- Check for working CXX compiler: /home/miswired/.cache/esphome/idf/tools/xtensa-esp-elf/esp-14.2.0_20260121/xtensa-esp-elf/bin/xtensa-esp32-elf-g++ - skipped
-- Detecting CXX compile features
-- Detecting CXX compile features - done
-- Could not use 'git describe' to determine PROJECT_VER.
-- Building ESP-IDF components for target esp32
-- ESP-TEE is currently supported only on the esp32c6;esp32h2;esp32c5 SoCs
-- Project sdkconfig file /home/miswired/Multiverse/esp-light/.esphome/build/smart-atx/sdkconfig.smart-atx
-- Compiler supported targets: xtensa-esp-elf
-- Detecting C compiler ABI info
-- Detecting C compiler ABI info - done
-- Detecting CXX compiler ABI info
-- Detecting CXX compiler ABI info - done
-- Detecting C compiler ABI info
-- Detecting C compiler ABI info - done
-- Detecting CXX compiler ABI info
-- Detecting CXX compiler ABI info - done
-- Bootloader project name: "bootloader" version: 1
-- Configuring done (3.4s)
-- Generating done (0.1s)
-- Build files have been written to: /home/miswired/Multiverse/esp-light/.esphome/build/smart-atx/build/bootloader
[932/1209] Building C object esp-idf/protobuf-c/CMakeFiles/__idf_protobuf-c.dir/protobuf-c/protobuf-c/protobuf-c.c.obj[933/1209] Building C object esp-idf/json/CMakeFiles/__idf_json.dir/cJSON/cJSON_Utils.c.obj[934/1209] Linking C static library esp-idf/protobuf-c/libprotobuf-c.a[935/1209] Building C object esp-idf/espressif__mdns/CMakeFiles/__idf_espressif__mdns.dir/mdns_utils.c.obj[936/1209] Building CXX object esp-idf/wear_levelling/CMakeFiles/__idf_wear_levelling.dir/WL_Flash.cpp.obj[937/1209] Building C object esp-idf/espressif__mdns/CMakeFiles/__idf_espressif__mdns.dir/mdns_debug.c.obj[938/1209] Building C object esp-idf/espressif__mdns/CMakeFiles/__idf_espressif__mdns.dir/mdns_netif.c.obj[939/1209] Building C object esp-idf/espressif__mdns/CMakeFiles/__idf_espressif__mdns.dir/mdns_browser.c.obj[940/1209] Building C object esp-idf/espressif__mdns/CMakeFiles/__idf_espressif__mdns.dir/mdns_mem_caps.c.obj[941/1209] Building C object esp-idf/espressif__mdns/CMakeFiles/__idf_espressif__mdns.dir/mdns_service.c.obj[942/1209] Building C object esp-idf/espressif__mdns/CMakeFiles/__idf_espressif__mdns.dir/mdns_networking_lwip.c.obj[943/1209] Building C object esp-idf/espressif__mdns/CMakeFiles/__idf_espressif__mdns.dir/mdns_responder.c.obj[944/1209] Building C object esp-idf/app_trace/CMakeFiles/__idf_app_trace.dir/app_trace_util.c.obj[945/1209] Building C object esp-idf/espressif__mdns/CMakeFiles/__idf_espressif__mdns.dir/mdns_pcb.c.obj[946/1209] Building C object esp-idf/json/CMakeFiles/__idf_json.dir/cJSON/cJSON.c.obj[947/1209] Building C object esp-idf/app_trace/CMakeFiles/__idf_app_trace.dir/host_file_io.c.obj[948/1209] Building C object esp-idf/espressif__mdns/CMakeFiles/__idf_espressif__mdns.dir/mdns_querier.c.obj[949/1209] Building C object esp-idf/espressif__mdns/CMakeFiles/__idf_espressif__mdns.dir/mdns_receive.c.obj[950/1209] Linking C static library esp-idf/unity/libunity.a[951/1209] Building C object esp-idf/app_trace/CMakeFiles/__idf_app_trace.dir/app_trace.c.obj[952/1209] Building C object esp-idf/cmock/CMakeFiles/__idf_cmock.dir/CMock/src/cmock.c.obj[953/1209] Building C object esp-idf/app_trace/CMakeFiles/__idf_app_trace.dir/port/port_uart.c.obj[954/1209] Building C object esp-idf/esp_driver_cam/CMakeFiles/__idf_esp_driver_cam.dir/dvp_share_ctrl.c.obj[955/1209] Linking C static library esp-idf/esp_https_server/libesp_https_server.a[956/1209] Building C object esp-idf/esp_driver_cam/CMakeFiles/__idf_esp_driver_cam.dir/esp_cam_ctlr.c.obj[957/1209] Building C object esp-idf/espressif__mdns/CMakeFiles/__idf_espressif__mdns.dir/mdns_send.c.obj[958/1209] Building C object esp-idf/esp_hid/CMakeFiles/__idf_esp_hid.dir/src/esp_hidd.c.obj[959/1209] Building C object esp-idf/esp_lcd/CMakeFiles/__idf_esp_lcd.dir/src/esp_lcd_common.c.obj[960/1209] Building C object esp-idf/esp_lcd/CMakeFiles/__idf_esp_lcd.dir/src/esp_lcd_panel_io.c.obj[961/1209] Building C object esp-idf/esp_hid/CMakeFiles/__idf_esp_hid.dir/src/esp_hid_common.c.obj[962/1209] Building C object esp-idf/esp_lcd/CMakeFiles/__idf_esp_lcd.dir/src/esp_lcd_panel_ops.c.obj[963/1209] Building C object esp-idf/esp_lcd/CMakeFiles/__idf_esp_lcd.dir/src/esp_lcd_panel_ssd1306.c.obj[964/1209] Building C object esp-idf/esp_driver_touch_sens/CMakeFiles/__idf_esp_driver_touch_sens.dir/common/touch_sens_common.c.obj[965/1209] Building C object esp-idf/esp_lcd/CMakeFiles/__idf_esp_lcd.dir/src/esp_lcd_panel_nt35510.c.obj[966/1209] Linking C static library esp-idf/protocomm/libprotocomm.a[967/1209] Building C object esp-idf/espressif__mdns/CMakeFiles/__idf_espressif__mdns.dir/mdns_console.c.obj[968/1209] Building C object esp-idf/esp_lcd/CMakeFiles/__idf_esp_lcd.dir/src/esp_lcd_panel_st7789.c.obj[969/1209] Building C object esp-idf/esp_driver_touch_sens/CMakeFiles/__idf_esp_driver_touch_sens.dir/hw_ver1/touch_version_specific.c.obj[970/1209] Building C object esp-idf/esp_hid/CMakeFiles/__idf_esp_hid.dir/src/esp_hidh.c.obj[971/1209] Building C object esp-idf/espcoredump/CMakeFiles/__idf_espcoredump.dir/src/core_dump_init.c.obj[972/1209] Building C object esp-idf/esp_lcd/CMakeFiles/__idf_esp_lcd.dir/i2c/esp_lcd_panel_io_i2c_v1.c.obj[973/1209] Building C object esp-idf/esp_lcd/CMakeFiles/__idf_esp_lcd.dir/i2c/esp_lcd_panel_io_i2c_v2.c.obj[974/1209] Building C object esp-idf/espcoredump/CMakeFiles/__idf_espcoredump.dir/src/core_dump_common.c.obj[975/1209] Building C object esp-idf/esp_local_ctrl/CMakeFiles/__idf_esp_local_ctrl.dir/src/esp_local_ctrl_handler.c.obj[976/1209] Building C object esp-idf/espcoredump/CMakeFiles/__idf_espcoredump.dir/src/core_dump_sha.c.obj[977/1209] Building C object esp-idf/esp_local_ctrl/CMakeFiles/__idf_esp_local_ctrl.dir/src/esp_local_ctrl_transport_httpd.c.obj[978/1209] Building C object esp-idf/espcoredump/CMakeFiles/__idf_espcoredump.dir/src/core_dump_flash.c.obj[979/1209] Building C object esp-idf/espcoredump/CMakeFiles/__idf_espcoredump.dir/src/core_dump_binary.c.obj[980/1209] Building C object esp-idf/espcoredump/CMakeFiles/__idf_espcoredump.dir/src/core_dump_crc.c.obj[981/1209] Building C object esp-idf/espcoredump/CMakeFiles/__idf_espcoredump.dir/src/core_dump_elf.c.obj[982/1209] Building ASM object esp-idf/espcoredump/CMakeFiles/__idf_espcoredump.dir/src/port/xtensa/core_dump_stack_switch.S.obj[983/1209] Building C object esp-idf/esp_lcd/CMakeFiles/__idf_esp_lcd.dir/spi/esp_lcd_panel_io_spi.c.obj[984/1209] Building C object esp-idf/esp_local_ctrl/CMakeFiles/__idf_esp_local_ctrl.dir/src/esp_local_ctrl.c.obj[985/1209] Building C object esp-idf/esp_local_ctrl/CMakeFiles/__idf_esp_local_ctrl.dir/proto-c/esp_local_ctrl.pb-c.c.obj[986/1209] Linking C static library esp-idf/wear_levelling/libwear_levelling.a[987/1209] Building C object esp-idf/espcoredump/CMakeFiles/__idf_espcoredump.dir/src/core_dump_uart.c.obj[988/1209] Building C object esp-idf/espcoredump/CMakeFiles/__idf_espcoredump.dir/src/port/xtensa/core_dump_port.c.obj[989/1209] Building C object esp-idf/fatfs/CMakeFiles/__idf_fatfs.dir/diskio/diskio_wl.c.obj[990/1209] Building C object esp-idf/fatfs/CMakeFiles/__idf_fatfs.dir/diskio/diskio_rawflash.c.obj[991/1209] Building C object esp-idf/fatfs/CMakeFiles/__idf_fatfs.dir/port/freertos/ffsystem.c.obj[992/1209] Building C object esp-idf/fatfs/CMakeFiles/__idf_fatfs.dir/src/ffunicode.c.obj[993/1209] Building C object esp-idf/fatfs/CMakeFiles/__idf_fatfs.dir/diskio/diskio.c.obj[994/1209] Linking C static library esp-idf/json/libjson.a[995/1209] Building C object esp-idf/esp_lcd/CMakeFiles/__idf_esp_lcd.dir/i80/esp_lcd_panel_io_i2s.c.obj[996/1209] Building C object esp-idf/fatfs/CMakeFiles/__idf_fatfs.dir/diskio/diskio_sdmmc.c.obj[997/1209] Building C object esp-idf/nvs_sec_provider/CMakeFiles/__idf_nvs_sec_provider.dir/nvs_sec_provider.c.obj[998/1209] Building C object esp-idf/fatfs/CMakeFiles/__idf_fatfs.dir/vfs/vfs_fat_sdmmc.c.obj[999/1209] Building C object esp-idf/perfmon/CMakeFiles/__idf_perfmon.dir/xtensa_perfmon_apis.c.obj[1000/1209] Building C object esp-idf/perfmon/CMakeFiles/__idf_perfmon.dir/xtensa_perfmon_access.c.obj[1001/1209] Building C object esp-idf/perfmon/CMakeFiles/__idf_perfmon.dir/xtensa_perfmon_masks.c.obj[1002/1209] Building C object esp-idf/mqtt/CMakeFiles/__idf_mqtt.dir/esp-mqtt/lib/platform_esp32_idf.c.obj[1003/1209] Building C object esp-idf/mqtt/CMakeFiles/__idf_mqtt.dir/esp-mqtt/lib/mqtt_outbox.c.obj[1004/1209] Building C object esp-idf/fatfs/CMakeFiles/__idf_fatfs.dir/vfs/vfs_fat.c.obj[1005/1209] Building C object esp-idf/spiffs/CMakeFiles/__idf_spiffs.dir/spiffs_api.c.obj[1006/1209] Building C object esp-idf/fatfs/CMakeFiles/__idf_fatfs.dir/vfs/vfs_fat_spiflash.c.obj[1007/1209] Building C object esp-idf/mqtt/CMakeFiles/__idf_mqtt.dir/esp-mqtt/lib/mqtt_msg.c.obj[1008/1209] Building C object esp-idf/spiffs/CMakeFiles/__idf_spiffs.dir/spiffs/src/spiffs_cache.c.obj[1009/1209] Building C object esp-idf/rt/CMakeFiles/__idf_rt.dir/FreeRTOS_POSIX_utils.c.obj[1010/1209] Building C object esp-idf/rt/CMakeFiles/__idf_rt.dir/FreeRTOS_POSIX_mqueue.c.obj[1011/1209] Building C object esp-idf/wifi_provisioning/CMakeFiles/__idf_wifi_provisioning.dir/src/wifi_ctrl.c.obj[1012/1209] Building C object esp-idf/wifi_provisioning/CMakeFiles/__idf_wifi_provisioning.dir/src/wifi_config.c.obj[1013/1209] Building C object esp-idf/spiffs/CMakeFiles/__idf_spiffs.dir/esp_spiffs.c.obj[1014/1209] Building C object esp-idf/spiffs/CMakeFiles/__idf_spiffs.dir/spiffs/src/spiffs_check.c.obj[1015/1209] Building C object esp-idf/spiffs/CMakeFiles/__idf_spiffs.dir/spiffs/src/spiffs_gc.c.obj[1016/1209] Building C object esp-idf/wifi_provisioning/CMakeFiles/__idf_wifi_provisioning.dir/src/wifi_scan.c.obj[1017/1209] Building C object esp-idf/wifi_provisioning/CMakeFiles/__idf_wifi_provisioning.dir/src/scheme_console.c.obj[1018/1209] Building C object esp-idf/wifi_provisioning/CMakeFiles/__idf_wifi_provisioning.dir/src/handlers.c.obj[1019/1209] Building C object esp-idf/wifi_provisioning/CMakeFiles/__idf_wifi_provisioning.dir/proto-c/wifi_ctrl.pb-c.c.obj[1020/1209] Building C object esp-idf/wifi_provisioning/CMakeFiles/__idf_wifi_provisioning.dir/proto-c/wifi_constants.pb-c.c.obj[1021/1209] Linking C static library esp-idf/espressif__mdns/libespressif__mdns.a[1022/1209] Building C object esp-idf/wifi_provisioning/CMakeFiles/__idf_wifi_provisioning.dir/proto-c/wifi_config.pb-c.c.obj[1023/1209] Building C object esp-idf/spiffs/CMakeFiles/__idf_spiffs.dir/spiffs/src/spiffs_hydrogen.c.obj[1024/1209] Linking C static library esp-idf/app_trace/libapp_trace.a[1025/1209] Building C object esp-idf/wifi_provisioning/CMakeFiles/__idf_wifi_provisioning.dir/proto-c/wifi_scan.pb-c.c.obj[1026/1209] Linking C static library esp-idf/cmock/libcmock.a[1027/1209] Linking C static library esp-idf/esp_driver_cam/libesp_driver_cam.a[1028/1209] Linking C static library esp-idf/esp_driver_touch_sens/libesp_driver_touch_sens.a[1029/1209] Building C object esp-idf/mqtt/CMakeFiles/__idf_mqtt.dir/esp-mqtt/mqtt_client.c.obj[1030/1209] Building C object esp-idf/fatfs/CMakeFiles/__idf_fatfs.dir/src/ff.c.obj[1031/1209] Linking C static library esp-idf/esp_hid/libesp_hid.a[1032/1209] Building C object esp-idf/wifi_provisioning/CMakeFiles/__idf_wifi_provisioning.dir/src/scheme_softap.c.obj[1033/1209] Linking C static library esp-idf/esp_local_ctrl/libesp_local_ctrl.a[1034/1209] Linking C static library esp-idf/espcoredump/libespcoredump.a[1035/1209] Building C object esp-idf/zorxx__multipart-parser/CMakeFiles/__idf_zorxx__multipart-parser.dir/multipart_parser.c.obj[1036/1209] Linking C static library esp-idf/mqtt/libmqtt.a[1037/1209] Linking C static library esp-idf/nvs_sec_provider/libnvs_sec_provider.a[1038/1209] Linking C static library esp-idf/esp_lcd/libesp_lcd.a[1039/1209] Linking C static library esp-idf/fatfs/libfatfs.a[1040/1209] Linking C static library esp-idf/perfmon/libperfmon.a[1041/1209] Linking C static library esp-idf/rt/librt.a[1042/1209] Linking C static library esp-idf/zorxx__multipart-parser/libzorxx__multipart-parser.a[1043/1209] Building C object esp-idf/libsodium/CMakeFiles/__idf_libsodium.dir/libsodium/src/libsodium/crypto_hash/sha256/hash_sha256.c.obj[1044/1209] Building C object esp-idf/libsodium/CMakeFiles/__idf_libsodium.dir/libsodium/src/libsodium/crypto_hash/crypto_hash.c.obj[1045/1209] Building C object esp-idf/libsodium/CMakeFiles/__idf_libsodium.dir/libsodium/src/libsodium/crypto_onetimeauth/crypto_onetimeauth.c.obj[1046/1209] Building C object esp-idf/libsodium/CMakeFiles/__idf_libsodium.dir/libsodium/src/libsodium/crypto_scalarmult/crypto_scalarmult.c.obj[1047/1209] Building C object esp-idf/libsodium/CMakeFiles/__idf_libsodium.dir/libsodium/src/libsodium/crypto_onetimeauth/poly1305/onetimeauth_poly1305.c.obj[1048/1209] Building C object esp-idf/libsodium/CMakeFiles/__idf_libsodium.dir/libsodium/src/libsodium/crypto_core/salsa/ref/core_salsa_ref.c.obj[1049/1209] Building C object esp-idf/libsodium/CMakeFiles/__idf_libsodium.dir/libsodium/src/libsodium/crypto_aead/chacha20poly1305/aead_chacha20poly1305.c.obj[1050/1209] Building C object esp-idf/libsodium/CMakeFiles/__idf_libsodium.dir/libsodium/src/libsodium/crypto_scalarmult/curve25519/scalarmult_curve25519.c.obj[1051/1209] Building C object esp-idf/libsodium/CMakeFiles/__idf_libsodium.dir/libsodium/src/libsodium/crypto_stream/crypto_stream.c.obj[1052/1209] Building C object esp-idf/libsodium/CMakeFiles/__idf_libsodium.dir/libsodium/src/libsodium/crypto_stream/chacha20/stream_chacha20.c.obj[1053/1209] Building C object esp-idf/wifi_provisioning/CMakeFiles/__idf_wifi_provisioning.dir/src/manager.c.obj[1054/1209] Linking C static library esp-idf/wifi_provisioning/libwifi_provisioning.a[1055/1209] Building ASM object esp-idf/libsodium/CMakeFiles/__idf_libsodium.dir/libsodium/src/libsodium/crypto_stream/salsa20/xmm6/salsa20_xmm6-asm.S.obj[1056/1209] Building C object esp-idf/libsodium/CMakeFiles/__idf_libsodium.dir/libsodium/src/libsodium/crypto_stream/salsa20/stream_salsa20.c.obj[1057/1209] Building C object esp-idf/libsodium/CMakeFiles/__idf_libsodium.dir/libsodium/src/libsodium/crypto_stream/salsa20/xmm6/salsa20_xmm6.c.obj[1058/1209] Building C object esp-idf/libsodium/CMakeFiles/__idf_libsodium.dir/libsodium/src/libsodium/crypto_stream/salsa20/ref/salsa20_ref.c.obj[1059/1209] Building C object esp-idf/libsodium/CMakeFiles/__idf_libsodium.dir/libsodium/src/libsodium/crypto_hash/sha256/cp/hash_sha256_cp.c.obj[1060/1209] Building C object esp-idf/spiffs/CMakeFiles/__idf_spiffs.dir/spiffs/src/spiffs_nucleus.c.obj[1061/1209] Building C object esp-idf/libsodium/CMakeFiles/__idf_libsodium.dir/libsodium/src/libsodium/crypto_stream/chacha20/ref/chacha20_ref.c.obj[1062/1209] Building C object esp-idf/libsodium/CMakeFiles/__idf_libsodium.dir/libsodium/src/libsodium/crypto_stream/salsa20/xmm6int/salsa20_xmm6int-avx2.c.obj[1063/1209] Building C object esp-idf/libsodium/CMakeFiles/__idf_libsodium.dir/libsodium/src/libsodium/crypto_stream/salsa20/xmm6int/salsa20_xmm6int-sse2.c.obj[1064/1209] Building C object esp-idf/libsodium/CMakeFiles/__idf_libsodium.dir/libsodium/src/libsodium/crypto_verify/verify.c.obj[1065/1209] Building C object esp-idf/libsodium/CMakeFiles/__idf_libsodium.dir/libsodium/src/libsodium/crypto_onetimeauth/poly1305/donna/poly1305_donna.c.obj[1066/1209] Linking C static library esp-idf/spiffs/libspiffs.a[1067/1209] Building C object esp-idf/libsodium/CMakeFiles/__idf_libsodium.dir/libsodium/src/libsodium/randombytes/randombytes.c.obj[1068/1209] Building C object esp-idf/libsodium/CMakeFiles/__idf_libsodium.dir/port/version.c.obj[1069/1209] Building C object esp-idf/libsodium/CMakeFiles/__idf_libsodium.dir/libsodium/src/libsodium/sodium/core.c.obj[1070/1209] Building C object esp-idf/noise-c/CMakeFiles/__idf_noise-c.dir/src/backend/openssl/cipher-aesgcm.c.obj[1071/1209] Building C object esp-idf/libsodium/CMakeFiles/__idf_libsodium.dir/libsodium/src/libsodium/randombytes/sysrandom/randombytes_sysrandom.c.obj[1072/1209] Building C object esp-idf/libsodium/CMakeFiles/__idf_libsodium.dir/libsodium/src/libsodium/sodium/runtime.c.obj[1073/1209] Building C object esp-idf/noise-c/CMakeFiles/__idf_noise-c.dir/src/backend/ref/cipher-chachapoly.c.obj[1074/1209] Building C object esp-idf/noise-c/CMakeFiles/__idf_noise-c.dir/src/backend/ref/dh-curve25519.c.obj[1075/1209] Building C object esp-idf/noise-c/CMakeFiles/__idf_noise-c.dir/src/backend/ref/cipher-aesgcm.c.obj[1076/1209] Building C object esp-idf/noise-c/CMakeFiles/__idf_noise-c.dir/src/backend/ref/hash-blake2s.c.obj[1077/1209] Building C object esp-idf/noise-c/CMakeFiles/__idf_noise-c.dir/src/backend/ref/hash-blake2b.c.obj[1078/1209] Building C object esp-idf/libsodium/CMakeFiles/__idf_libsodium.dir/libsodium/src/libsodium/randombytes/internal/randombytes_internal_random.c.obj[1079/1209] Building C object esp-idf/noise-c/CMakeFiles/__idf_noise-c.dir/src/backend/ref/hash-sha256.c.obj[1080/1209] Building C object esp-idf/noise-c/CMakeFiles/__idf_noise-c.dir/src/backend/sodium/cipher-aesgcm.c.obj[1081/1209] Building C object esp-idf/noise-c/CMakeFiles/__idf_noise-c.dir/src/backend/sodium/hash-blake2b.c.obj[1082/1209] Building C object esp-idf/noise-c/CMakeFiles/__idf_noise-c.dir/src/crypto/aes/rijndael-alg-fst.c.obj[1083/1209] Building C object esp-idf/noise-c/CMakeFiles/__idf_noise-c.dir/src/crypto/blake2/blake2s.c.obj[1084/1209] Building C object esp-idf/noise-c/CMakeFiles/__idf_noise-c.dir/src/crypto/blake2/blake2b.c.obj[1085/1209] Building C object esp-idf/noise-c/CMakeFiles/__idf_noise-c.dir/src/crypto/chacha/chacha.c.obj[1086/1209] Building C object esp-idf/noise-c/CMakeFiles/__idf_noise-c.dir/src/crypto/donna/curve25519-donna-c64.c.obj[1087/1209] Building C object esp-idf/noise-c/CMakeFiles/__idf_noise-c.dir/src/crypto/donna/poly1305-donna.c.obj[1088/1209] Building C object esp-idf/noise-c/CMakeFiles/__idf_noise-c.dir/src/crypto/donna/curve25519-donna.c.obj[1089/1209] Building C object esp-idf/libsodium/CMakeFiles/__idf_libsodium.dir/libsodium/src/libsodium/sodium/utils.c.obj[1090/1209] Building C object esp-idf/noise-c/CMakeFiles/__idf_noise-c.dir/src/crypto/sha2/sha512.c.obj[1091/1209] Building C object esp-idf/noise-c/CMakeFiles/__idf_noise-c.dir/src/crypto/sha2/sha256.c.obj[1092/1209] Building C object esp-idf/noise-c/CMakeFiles/__idf_noise-c.dir/src/backend/sodium/dh-curve25519.c.obj[1093/1209] Building C object esp-idf/noise-c/CMakeFiles/__idf_noise-c.dir/src/backend/sodium/hash-sha256.c.obj[1094/1209] Building C object esp-idf/noise-c/CMakeFiles/__idf_noise-c.dir/src/backend/sodium/cipher-chachapoly.c.obj[1095/1209] Building C object esp-idf/noise-c/CMakeFiles/__idf_noise-c.dir/src/crypto/x25519/x25519.c.obj[1096/1209] Building C object esp-idf/libsodium/CMakeFiles/__idf_libsodium.dir/libsodium/src/libsodium/crypto_scalarmult/curve25519/ref10/x25519_ref10.c.obj[1097/1209] Building C object esp-idf/noise-c/CMakeFiles/__idf_noise-c.dir/src/protocol/internal.c.obj[1098/1209] Building C object esp-idf/noise-c/CMakeFiles/__idf_noise-c.dir/src/protocol/errors.c.obj[1099/1209] Building C object esp-idf/noise-c/CMakeFiles/__idf_noise-c.dir/src/protocol/rand_sodium.c.obj[1100/1209] Building C object esp-idf/libsodium/CMakeFiles/__idf_libsodium.dir/libsodium/src/libsodium/sodium/codecs.c.obj[1101/1209] Building C object esp-idf/noise-c/CMakeFiles/__idf_noise-c.dir/src/protocol/hashstate.c.obj[1102/1209] Building C object esp-idf/noise-c/CMakeFiles/__idf_noise-c.dir/src/protocol/cipherstate.c.obj[1103/1209] Building C object esp-idf/noise-c/CMakeFiles/__idf_noise-c.dir/src/protocol/dhstate.c.obj[1104/1209] Building C object esp-idf/noise-c/CMakeFiles/__idf_noise-c.dir/src/protocol/rand_os.c.obj[1105/1209] Building C object esp-idf/noise-c/CMakeFiles/__idf_noise-c.dir/src/protocol/signstate.c.obj[1106/1209] Building C object esp-idf/noise-c/CMakeFiles/__idf_noise-c.dir/src/protocol/patterns.c.obj[1107/1209] Building C object esp-idf/noise-c/CMakeFiles/__idf_noise-c.dir/src/protocol/names.c.obj[1108/1209] Building C object esp-idf/noise-c/CMakeFiles/__idf_noise-c.dir/src/protocol/randstate.c.obj[1109/1209] Building C object esp-idf/noise-c/CMakeFiles/__idf_noise-c.dir/src/protocol/symmetricstate.c.obj[1110/1209] Building C object esp-idf/noise-c/CMakeFiles/__idf_noise-c.dir/src/protocol/util.c.obj[1111/1209] Building C object esp-idf/noise-c/CMakeFiles/__idf_noise-c.dir/src/protocol/handshakestate.c.obj[1112/1209] Building CXX object esp-idf/src/CMakeFiles/__idf_src.dir/esphome/components/api/api_frame_helper.cpp.obj[1113/1209] Building CXX object esp-idf/src/CMakeFiles/__idf_src.dir/esphome/components/api/api_buffer.cpp.obj[1114/1209] Building CXX object esp-idf/src/CMakeFiles/__idf_src.dir/esphome/components/api/api_overflow_buffer.cpp.obj[1115/1209] Building CXX object esp-idf/src/CMakeFiles/__idf_src.dir/esphome/components/api/api_pb2_service.cpp.obj[1116/1209] Building CXX object esp-idf/src/CMakeFiles/__idf_src.dir/esphome/components/api/api_pb2.cpp.obj[1117/1209] Building CXX object esp-idf/src/CMakeFiles/__idf_src.dir/esphome/components/api/api_frame_helper_noise.cpp.obj[1118/1209] Building CXX object esp-idf/src/CMakeFiles/__idf_src.dir/esphome/components/api/api_connection.cpp.obj[1119/1209] Building CXX object esp-idf/src/CMakeFiles/__idf_src.dir/esphome/components/api/list_entities.cpp.obj[1120/1209] Building CXX object esp-idf/src/CMakeFiles/__idf_src.dir/esphome/components/api/api_server.cpp.obj[1121/1209] Building C object esp-idf/libsodium/CMakeFiles/__idf_libsodium.dir/libsodium/src/libsodium/crypto_core/ed25519/ref10/ed25519_ref10.c.obj[1122/1209] Linking C static library esp-idf/libsodium/liblibsodium.a[1123/1209] Linking C static library esp-idf/noise-c/libnoise-c.a[1124/1209] Building CXX object esp-idf/src/CMakeFiles/__idf_src.dir/esphome/components/esp32/crash_handler.cpp.obj[1125/1209] Building CXX object esp-idf/src/CMakeFiles/__idf_src.dir/esphome/components/api/proto.cpp.obj[1126/1209] Building CXX object esp-idf/src/CMakeFiles/__idf_src.dir/esphome/components/captive_portal/dns_server_esp32_idf.cpp.obj[1127/1209] Building CXX object esp-idf/src/CMakeFiles/__idf_src.dir/esphome/components/button/button.cpp.obj[1128/1209] Building CXX object esp-idf/src/CMakeFiles/__idf_src.dir/esphome/components/esp32/printf_stubs.cpp.obj[1129/1209] Building CXX object esp-idf/src/CMakeFiles/__idf_src.dir/esphome/components/esp32/throw_stubs.cpp.obj[1130/1209] Building CXX object esp-idf/src/CMakeFiles/__idf_src.dir/esphome/components/api/subscribe_state.cpp.obj[1131/1209] Building CXX object esp-idf/src/CMakeFiles/__idf_src.dir/esphome/components/esp32/core.cpp.obj[1132/1209] Building CXX object esp-idf/src/CMakeFiles/__idf_src.dir/esphome/components/debug/debug_component.cpp.obj[1133/1209] Building CXX object esp-idf/src/CMakeFiles/__idf_src.dir/esphome/components/esp32/hal.cpp.obj[1134/1209] Building CXX object esp-idf/src/CMakeFiles/__idf_src.dir/esphome/components/captive_portal/captive_portal.cpp.obj[1135/1209] Building CXX object esp-idf/src/CMakeFiles/__idf_src.dir/esphome/components/esp32/gpio.cpp.obj[1136/1209] Building CXX object esp-idf/src/CMakeFiles/__idf_src.dir/esphome/components/esp32/helpers.cpp.obj[1137/1209] Building CXX object esp-idf/src/CMakeFiles/__idf_src.dir/esphome/components/debug/debug_esp32.cpp.obj[1138/1209] Building CXX object esp-idf/src/CMakeFiles/__idf_src.dir/esphome/components/esp32/preferences.cpp.obj[1139/1209] Building CXX object esp-idf/src/CMakeFiles/__idf_src.dir/esphome/components/gpio/output/gpio_binary_output.cpp.obj[1140/1209] Building CXX object esp-idf/src/CMakeFiles/__idf_src.dir/esphome/components/gpio/switch/gpio_switch.cpp.obj[1141/1209] Building CXX object esp-idf/src/CMakeFiles/__idf_src.dir/esphome/components/logger/logger_esp32.cpp.obj[1142/1209] Building CXX object esp-idf/src/CMakeFiles/__idf_src.dir/esphome/components/logger/task_log_buffer_esp32.cpp.obj[1143/1209] Building CXX object esp-idf/src/CMakeFiles/__idf_src.dir/esphome/components/esphome/ota/ota_esphome.cpp.obj[1144/1209] Building CXX object esp-idf/src/CMakeFiles/__idf_src.dir/esphome/components/md5/md5.cpp.obj[1145/1209] Building CXX object esp-idf/src/CMakeFiles/__idf_src.dir/esphome/components/logger/logger.cpp.obj[1146/1209] Building CXX object esp-idf/src/CMakeFiles/__idf_src.dir/esphome/components/mdns/mdns_component.cpp.obj[1147/1209] Building CXX object esp-idf/src/CMakeFiles/__idf_src.dir/esphome/components/network/network_component.cpp.obj[1148/1209] Building CXX object esp-idf/src/CMakeFiles/__idf_src.dir/esphome/components/mdns/mdns_esp32.cpp.obj[1149/1209] Building CXX object esp-idf/src/CMakeFiles/__idf_src.dir/esphome/components/network/util.cpp.obj[1150/1209] Building CXX object esp-idf/src/CMakeFiles/__idf_src.dir/esphome/components/sensor/filter.cpp.obj[1151/1209] Building CXX object esp-idf/src/CMakeFiles/__idf_src.dir/esphome/components/ota/ota_backend.cpp.obj[1152/1209] Building CXX object esp-idf/src/CMakeFiles/__idf_src.dir/esphome/components/ota/ota_bootloader_esp_idf.cpp.obj[1153/1209] Building CXX object esp-idf/src/CMakeFiles/__idf_src.dir/esphome/components/ota/ota_backend_esp_idf.cpp.obj[1154/1209] Building CXX object esp-idf/src/CMakeFiles/__idf_src.dir/esphome/components/ota/ota_partitions_esp_idf.cpp.obj[1155/1209] Building CXX object esp-idf/src/CMakeFiles/__idf_src.dir/esphome/components/output/float_output.cpp.obj[1156/1209] Building CXX object esp-idf/src/CMakeFiles/__idf_src.dir/esphome/components/output/automation.cpp.obj[1157/1209] Building CXX object esp-idf/src/CMakeFiles/__idf_src.dir/esphome/components/text_sensor/filter.cpp.obj[1158/1209] Building CXX object esp-idf/src/CMakeFiles/__idf_src.dir/esphome/components/restart/button/restart_button.cpp.obj[1159/1209] Building CXX object esp-idf/src/CMakeFiles/__idf_src.dir/esphome/components/sensor/automation.cpp.obj[1160/1209] Building CXX object esp-idf/src/CMakeFiles/__idf_src.dir/esphome/components/uptime/sensor/uptime_timestamp_sensor.cpp.obj[1161/1209] Building CXX object esp-idf/src/CMakeFiles/__idf_src.dir/esphome/components/sensor/sensor.cpp.obj[1162/1209] Building CXX object esp-idf/src/CMakeFiles/__idf_src.dir/esphome/components/sha256/sha256.cpp.obj[1163/1209] Building CXX object esp-idf/src/CMakeFiles/__idf_src.dir/esphome/components/safe_mode/safe_mode.cpp.obj[1164/1209] Building CXX object esp-idf/src/CMakeFiles/__idf_src.dir/esphome/components/switch/automation.cpp.obj[1165/1209] Building CXX object esp-idf/src/CMakeFiles/__idf_src.dir/esphome/components/socket/socket.cpp.obj[1166/1209] Building CXX object esp-idf/src/CMakeFiles/__idf_src.dir/esphome/components/switch/switch.cpp.obj[1167/1209] Building CXX object esp-idf/src/CMakeFiles/__idf_src.dir/esphome/components/socket/bsd_sockets_impl.cpp.obj[1168/1209] Building CXX object esp-idf/src/CMakeFiles/__idf_src.dir/esphome/components/text_sensor/text_sensor.cpp.obj[1169/1209] Building CXX object esp-idf/src/CMakeFiles/__idf_src.dir/esphome/components/uptime/sensor/uptime_seconds_sensor.cpp.obj[1170/1209] Building CXX object esp-idf/src/CMakeFiles/__idf_src.dir/esphome/components/watchdog/watchdog.cpp.obj[1171/1209] Building CXX object esp-idf/src/CMakeFiles/__idf_src.dir/esphome/components/web_server_idf/multipart.cpp.obj[1172/1209] Building CXX object esp-idf/src/CMakeFiles/__idf_src.dir/esphome/core/build_info_data.cpp.obj[1173/1209] Building CXX object esp-idf/src/CMakeFiles/__idf_src.dir/esphome/components/web_server_idf/utils.cpp.obj[1174/1209] Building CXX object esp-idf/src/CMakeFiles/__idf_src.dir/esphome/components/web_server_base/web_server_base.cpp.obj[1175/1209] Building CXX object esp-idf/src/CMakeFiles/__idf_src.dir/esphome/components/web_server/ota/ota_web_server.cpp.obj[1176/1209] Building CXX object esp-idf/src/CMakeFiles/__idf_src.dir/esphome/components/wifi_signal/wifi_signal_sensor.cpp.obj[1177/1209] Building CXX object esp-idf/src/CMakeFiles/__idf_src.dir/esphome/core/alloc_helpers.cpp.obj[1178/1209] Building CXX object esp-idf/src/CMakeFiles/__idf_src.dir/esphome/components/wifi/wifi_component_esp_idf.cpp.obj[1179/1209] Building CXX object esp-idf/src/CMakeFiles/__idf_src.dir/esphome/core/color.cpp.obj[1180/1209] Building CXX object esp-idf/src/CMakeFiles/__idf_src.dir/esphome/components/web_server_idf/web_server_idf.cpp.obj[1181/1209] Building CXX object esp-idf/src/CMakeFiles/__idf_src.dir/esphome/components/wifi/wifi_component.cpp.obj[1182/1209] Building C object esp-idf/src/CMakeFiles/__idf_src.dir/esphome/core/main_task.c.obj[1183/1209] Building C object esp-idf/src/CMakeFiles/__idf_src.dir/esphome/core/lwip_fast_select.c.obj[1184/1209] Building CXX object esp-idf/src/CMakeFiles/__idf_src.dir/esphome/core/application.cpp.obj[1185/1209] Building CXX object esp-idf/src/CMakeFiles/__idf_src.dir/esphome/core/controller_registry.cpp.obj[1186/1209] Building CXX object esp-idf/src/CMakeFiles/__idf_src.dir/esphome/core/component.cpp.obj[1187/1209] Building CXX object esp-idf/src/CMakeFiles/__idf_src.dir/esphome/core/entity_base.cpp.obj[1188/1209] Building CXX object esp-idf/src/CMakeFiles/__idf_src.dir/esphome/core/gpio.cpp.obj[1189/1209] Building CXX object esp-idf/src/CMakeFiles/__idf_src.dir/esphome/core/component_iterator.cpp.obj[1190/1209] Building CXX object esp-idf/src/CMakeFiles/__idf_src.dir/esphome/core/static_task.cpp.obj[1191/1209] Building CXX object esp-idf/src/CMakeFiles/__idf_src.dir/esphome/core/log.cpp.obj[1192/1209] Building CXX object esp-idf/src/CMakeFiles/__idf_src.dir/esphome/core/util.cpp.obj[1193/1209] Building CXX object esp-idf/src/CMakeFiles/__idf_src.dir/esphome/core/time.cpp.obj[1194/1209] Building CXX object esp-idf/src/CMakeFiles/__idf_src.dir/esphome/core/helpers.cpp.obj[1195/1209] Building CXX object esp-idf/src/CMakeFiles/__idf_src.dir/esphome/core/wake/wake_freertos.cpp.obj[1196/1209] Building CXX object esp-idf/src/CMakeFiles/__idf_src.dir/esphome/core/scheduler.cpp.obj[1197/1209] Performing build step for 'bootloader'[1/118] Building C object esp-idf/log/CMakeFiles/__idf_log.dir/src/noos/util.c.obj[2/118] Building C object esp-idf/log/CMakeFiles/__idf_log.dir/src/log_timestamp_common.c.obj[3/118] Building C object esp-idf/log/CMakeFiles/__idf_log.dir/src/util.c.obj[4/118] Building C object esp-idf/log/CMakeFiles/__idf_log.dir/src/log_print.c.obj[5/118] Building C object esp-idf/log/CMakeFiles/__idf_log.dir/src/noos/log_lock.c.obj[6/118] Building C object esp-idf/log/CMakeFiles/__idf_log.dir/src/noos/log_timestamp.c.obj[7/118] Building C object esp-idf/log/CMakeFiles/__idf_log.dir/src/log.c.obj[8/118] Building C object esp-idf/esp_rom/CMakeFiles/__idf_esp_rom.dir/patches/esp_rom_crc.c.obj[9/118] Building C object esp-idf/esp_rom/CMakeFiles/__idf_esp_rom.dir/patches/esp_rom_efuse.c.obj[10/118] Building C object esp-idf/log/CMakeFiles/__idf_log.dir/src/log_format_text.c.obj[11/118] Building C object esp-idf/esp_rom/CMakeFiles/__idf_esp_rom.dir/patches/esp_rom_sys.c.obj[12/118] Building ASM object esp-idf/esp_rom/CMakeFiles/__idf_esp_rom.dir/patches/esp_rom_longjmp.S.obj[13/118] Building C object esp-idf/esp_rom/CMakeFiles/__idf_esp_rom.dir/patches/esp_rom_gpio.c.obj[14/118] Building C object esp-idf/esp_rom/CMakeFiles/__idf_esp_rom.dir/patches/esp_rom_uart.c.obj[15/118] Building C object esp-idf/esp_common/CMakeFiles/__idf_esp_common.dir/src/esp_err_to_name.c.obj[16/118] Building C object esp-idf/esp_hw_support/CMakeFiles/__idf_esp_hw_support.dir/esp_memory_utils.c.obj[17/118] Building C object esp-idf/esp_hw_support/CMakeFiles/__idf_esp_hw_support.dir/port/esp32/cpu_region_protect.c.obj[18/118] Building C object esp-idf/log/CMakeFiles/__idf_log.dir/src/buffer/log_buffers.c.obj[19/118] Building C object esp-idf/esp_hw_support/CMakeFiles/__idf_esp_hw_support.dir/port/esp32/esp_cpu_intr.c.obj[20/118] Building C object esp-idf/esp_hw_support/CMakeFiles/__idf_esp_hw_support.dir/cpu.c.obj[21/118] Linking C static library esp-idf/log/liblog.a[22/118] Building C object esp-idf/esp_hw_support/CMakeFiles/__idf_esp_hw_support.dir/port/esp32/chip_info.c.obj[23/118] Building C object esp-idf/efuse/CMakeFiles/__idf_efuse.dir/esp32/esp_efuse_table.c.obj[24/118] Building C object esp-idf/esp_hw_support/CMakeFiles/__idf_esp_hw_support.dir/port/esp32/rtc_init.c.obj[25/118] Building C object esp-idf/esp_hw_support/CMakeFiles/__idf_esp_hw_support.dir/port/esp32/rtc_clk_init.c.obj[26/118] Building C object esp-idf/esp_system/CMakeFiles/__idf_esp_system.dir/esp_err.c.obj[27/118] Building C object esp-idf/efuse/CMakeFiles/__idf_efuse.dir/esp32/esp_efuse_fields.c.obj[28/118] Building C object esp-idf/esp_rom/CMakeFiles/__idf_esp_rom.dir/patches/esp_rom_print.c.obj[29/118] Building C object esp-idf/esp_hw_support/CMakeFiles/__idf_esp_hw_support.dir/port/esp32/rtc_sleep.c.obj[30/118] Building C object esp-idf/efuse/CMakeFiles/__idf_efuse.dir/src/esp_efuse_fields.c.obj[31/118] Building C object esp-idf/esp_hw_support/CMakeFiles/__idf_esp_hw_support.dir/port/esp32/rtc_time.c.obj[32/118] Building C object esp-idf/efuse/CMakeFiles/__idf_efuse.dir/src/esp_efuse_utility.c.obj[33/118] Building C object esp-idf/bootloader_support/CMakeFiles/__idf_bootloader_support.dir/src/bootloader_mem.c.obj[34/118] Building C object esp-idf/efuse/CMakeFiles/__idf_efuse.dir/esp32/esp_efuse_utility.c.obj[35/118] Building C object esp-idf/bootloader_support/CMakeFiles/__idf_bootloader_support.dir/src/bootloader_clock_init.c.obj[36/118] Building C object esp-idf/esp_rom/CMakeFiles/__idf_esp_rom.dir/patches/esp_rom_spiflash.c.obj[37/118] Building C object esp-idf/bootloader_support/CMakeFiles/__idf_bootloader_support.dir/src/bootloader_common_loader.c.obj[38/118] Linking C static library esp-idf/esp_rom/libesp_rom.a[39/118] Building C object esp-idf/bootloader_support/CMakeFiles/__idf_bootloader_support.dir/src/bootloader_random.c.obj[40/118] Building C object esp-idf/bootloader_support/CMakeFiles/__idf_bootloader_support.dir/src/flash_encrypt.c.obj[41/118] Building C object esp-idf/bootloader_support/CMakeFiles/__idf_bootloader_support.dir/src/bootloader_efuse.c.obj[42/118] Building C object esp-idf/bootloader_support/CMakeFiles/__idf_bootloader_support.dir/src/secure_boot.c.obj[43/118] Linking C static library esp-idf/esp_common/libesp_common.a[44/118] Building C object esp-idf/esp_hw_support/CMakeFiles/__idf_esp_hw_support.dir/port/esp32/rtc_clk.c.obj[45/118] Building C object esp-idf/efuse/CMakeFiles/__idf_efuse.dir/src/esp_efuse_api.c.obj[46/118] Building C object esp-idf/bootloader_support/CMakeFiles/__idf_bootloader_support.dir/src/bootloader_random_esp32.c.obj[47/118] Building C object esp-idf/efuse/CMakeFiles/__idf_efuse.dir/src/efuse_controller/keys/without_key_purposes/three_key_blocks/esp_efuse_api_key.c.obj[48/118] Linking C static library esp-idf/esp_hw_support/libesp_hw_support.a[49/118] Building C object esp-idf/bootloader_support/CMakeFiles/__idf_bootloader_support.dir/src/bootloader_common.c.obj[50/118] Linking C static library esp-idf/esp_system/libesp_system.a[51/118] Building C object esp-idf/bootloader_support/CMakeFiles/__idf_bootloader_support.dir/bootloader_flash/src/flash_qio_mode.c.obj[52/118] Building C object esp-idf/bootloader_support/CMakeFiles/__idf_bootloader_support.dir/src/bootloader_clock_loader.c.obj[53/118] Building C object esp-idf/bootloader_support/CMakeFiles/__idf_bootloader_support.dir/src/flash_partitions.c.obj[54/118] Building C object esp-idf/bootloader_support/CMakeFiles/__idf_bootloader_support.dir/src/esp32/bootloader_soc.c.obj[55/118] Building C object esp-idf/bootloader_support/CMakeFiles/__idf_bootloader_support.dir/src/bootloader_console_loader.c.obj[56/118] Building C object esp-idf/bootloader_support/CMakeFiles/__idf_bootloader_support.dir/src/bootloader_console.c.obj[57/118] Building C object esp-idf/bootloader_support/CMakeFiles/__idf_bootloader_support.dir/src/bootloader_panic.c.obj[58/118] Linking C static library esp-idf/efuse/libefuse.a[59/118] Building C object esp-idf/esp_bootloader_format/CMakeFiles/__idf_esp_bootloader_format.dir/esp_bootloader_desc.c.obj[60/118] Building C object esp-idf/bootloader_support/CMakeFiles/__idf_bootloader_support.dir/src/bootloader_init.c.obj[61/118] Building C object esp-idf/bootloader_support/CMakeFiles/__idf_bootloader_support.dir/src/bootloader_sha.c.obj[62/118] Building C object esp-idf/bootloader_support/CMakeFiles/__idf_bootloader_support.dir/bootloader_flash/src/bootloader_flash.c.obj[63/118] Building C object esp-idf/hal/CMakeFiles/__idf_hal.dir/mpu_hal.c.obj[64/118] Building C object esp-idf/spi_flash/CMakeFiles/__idf_spi_flash.dir/spi_flash_wrap.c.obj[65/118] Building C object esp-idf/hal/CMakeFiles/__idf_hal.dir/efuse_hal.c.obj[66/118] Building C object esp-idf/hal/CMakeFiles/__idf_hal.dir/esp32/efuse_hal.c.obj[67/118] Building C object esp-idf/bootloader_support/CMakeFiles/__idf_bootloader_support.dir/src/bootloader_utility.c.obj[68/118] Building C object esp-idf/hal/CMakeFiles/__idf_hal.dir/hal_utils.c.obj[69/118] Building C object esp-idf/bootloader_support/CMakeFiles/__idf_bootloader_support.dir/bootloader_flash/src/bootloader_flash_config_esp32.c.obj[70/118] Building C object esp-idf/soc/CMakeFiles/__idf_soc.dir/esp32/interrupts.c.obj[71/118] Building C object esp-idf/soc/CMakeFiles/__idf_soc.dir/dport_access_common.c.obj[72/118] Building C object esp-idf/soc/CMakeFiles/__idf_soc.dir/lldesc.c.obj[73/118] Building C object esp-idf/hal/CMakeFiles/__idf_hal.dir/esp32/cache_hal_esp32.c.obj[74/118] Building C object esp-idf/bootloader_support/CMakeFiles/__idf_bootloader_support.dir/src/esp32/bootloader_esp32.c.obj[75/118] Building C object esp-idf/soc/CMakeFiles/__idf_soc.dir/esp32/uart_periph.c.obj[76/118] Building C object esp-idf/hal/CMakeFiles/__idf_hal.dir/wdt_hal_iram.c.obj[77/118] Building C object esp-idf/soc/CMakeFiles/__idf_soc.dir/esp32/dport_access.c.obj[78/118] Building C object esp-idf/soc/CMakeFiles/__idf_soc.dir/esp32/gpio_periph.c.obj[79/118] Building C object esp-idf/soc/CMakeFiles/__idf_soc.dir/esp32/adc_periph.c.obj[80/118] Building C object esp-idf/soc/CMakeFiles/__idf_soc.dir/esp32/sdm_periph.c.obj[81/118] Building C object esp-idf/soc/CMakeFiles/__idf_soc.dir/esp32/emac_periph.c.obj[82/118] Building C object esp-idf/soc/CMakeFiles/__idf_soc.dir/esp32/spi_periph.c.obj[83/118] Building C object esp-idf/soc/CMakeFiles/__idf_soc.dir/esp32/ledc_periph.c.obj[84/118] Building C object esp-idf/soc/CMakeFiles/__idf_soc.dir/esp32/pcnt_periph.c.obj[85/118] Building C object esp-idf/soc/CMakeFiles/__idf_soc.dir/esp32/rmt_periph.c.obj[86/118] Building C object esp-idf/soc/CMakeFiles/__idf_soc.dir/esp32/timer_periph.c.obj[87/118] Building C object esp-idf/soc/CMakeFiles/__idf_soc.dir/esp32/i2s_periph.c.obj[88/118] Building C object esp-idf/soc/CMakeFiles/__idf_soc.dir/esp32/lcd_periph.c.obj[89/118] Building C object esp-idf/soc/CMakeFiles/__idf_soc.dir/esp32/mcpwm_periph.c.obj[90/118] Building C object esp-idf/soc/CMakeFiles/__idf_soc.dir/esp32/i2c_periph.c.obj[91/118] Building C object esp-idf/soc/CMakeFiles/__idf_soc.dir/esp32/touch_sensor_periph.c.obj[92/118] Building C object esp-idf/hal/CMakeFiles/__idf_hal.dir/mmu_hal.c.obj[93/118] Building C object esp-idf/soc/CMakeFiles/__idf_soc.dir/esp32/sdmmc_periph.c.obj[94/118] Building C object esp-idf/soc/CMakeFiles/__idf_soc.dir/esp32/mpi_periph.c.obj[95/118] Building C object esp-idf/soc/CMakeFiles/__idf_soc.dir/esp32/dac_periph.c.obj[96/118] Building C object esp-idf/soc/CMakeFiles/__idf_soc.dir/esp32/twai_periph.c.obj[97/118] Building C object esp-idf/soc/CMakeFiles/__idf_soc.dir/esp32/power_supply_periph.c.obj[98/118] Building C object esp-idf/bootloader_support/CMakeFiles/__idf_bootloader_support.dir/src/esp_image_format.c.obj[99/118] Building C object esp-idf/xtensa/CMakeFiles/__idf_xtensa.dir/eri.c.obj[100/118] Generating project_elf_src_esp32.c[101/118] Building C object esp-idf/soc/CMakeFiles/__idf_soc.dir/esp32/wdt_periph.c.obj[102/118] Building C object esp-idf/soc/CMakeFiles/__idf_soc.dir/esp32/rtc_io_periph.c.obj[103/118] Building C object esp-idf/xtensa/CMakeFiles/__idf_xtensa.dir/xt_trax.c.obj[104/118] Building C object CMakeFiles/bootloader.elf.dir/project_elf_src_esp32.c.obj[105/118] Building C object esp-idf/soc/CMakeFiles/__idf_soc.dir/esp32/sdio_slave_periph.c.obj[106/118] Linking C static library esp-idf/bootloader_support/libbootloader_support.a[107/118] Building C object esp-idf/main/CMakeFiles/__idf_main.dir/bootloader_start.c.obj[108/118] Linking C static library esp-idf/esp_bootloader_format/libesp_bootloader_format.a[109/118] Linking C static library esp-idf/spi_flash/libspi_flash.a[110/118] Linking C static library esp-idf/hal/libhal.a[111/118] Building C object esp-idf/micro-ecc/CMakeFiles/__idf_micro-ecc.dir/uECC_verify_antifault.c.obj[112/118] Linking C static library esp-idf/micro-ecc/libmicro-ecc.a[113/118] Linking C static library esp-idf/soc/libsoc.a[114/118] Linking C static library esp-idf/xtensa/libxtensa.a[115/118] Linking C static library esp-idf/main/libmain.a[116/118] Linking C executable bootloader.elf[117/118] Generating binary image from built executable
esptool.py v4.12.0
Creating esp32 image...
Merged 2 ELF sections
Successfully created esp32 image.
Generated /home/miswired/Multiverse/esp-light/.esphome/build/smart-atx/build/bootloader/bootloader.bin
[118/118] cd /home/miswired/Multiverse/esp-light/.esphome/build/smart-atx/build/bootloader/esp-idf/esptool_py && /home/miswired/.cache/esphome/idf/penvs/5.5.5/bin/python /home/miswired/.cache/esphome/idf/frameworks/5.5.5/components/partition_table/check_sizes.py --offset 0x8000 bootloader 0x1000 /home/miswired/Multiverse/esp-light/.esphome/build/smart-atx/build/bootloader/bootloader.bin
Bootloader binary size 0x6620 bytes. 0x9e0 bytes (9%) free.
[1198/1209] No install step for 'bootloader'[1199/1209] Completed 'bootloader'[1200/1209] Building CXX object esp-idf/src/CMakeFiles/__idf_src.dir/main.cpp.obj[1201/1209] Linking C static library esp-idf/src/libsrc.a[1202/1209] Generating esp-idf/esp_system/ld/sections.ld[1203/1209] Building C object CMakeFiles/smart-atx.elf.dir/project_elf_src_esp32.c.obj[1204/1209] Linking CXX executable smart-atx.elf[1205/1209] Generating binary image from built executable
esptool.py v4.12.0
Creating esp32 image...
Merged 2 ELF sections
Successfully created esp32 image.
Generated /home/miswired/Multiverse/esp-light/.esphome/build/smart-atx/build/smart-atx.bin
[1206/1209] cd /home/miswired/Multiverse/esp-light/.esphome/build/smart-atx/build/esp-idf/esptool_py && /home/miswired/.cache/esphome/idf/penvs/5.5.5/bin/python /home/miswired/.cache/esphome/idf/frameworks/5.5.5/components/partition_table/check_sizes.py --offset 0x8000 partition --type app /home/miswired/Multiverse/esp-light/.esphome/build/smart-atx/build/partition_table/partition-table.bin /home/miswired/Multiverse/esp-light/.esphome/build/smart-atx/build/smart-atx.bin
smart-atx.bin binary size 0xd7be0 bytes. Smallest app partition is 0x1c0000 bytes. 0xe8420 bytes (52%) free.
Executing action: size
Running ninja in directory /home/miswired/Multiverse/esp-light/.esphome/build/smart-atx/build
Executing "ninja all"...
[0/2] Re-checking globbed directories...[1/5] cd /home/miswired/Multiverse/esp-light/.esphome/build/smart-atx/build/esp-idf/esptool_py && /home/miswired/.cache/esphome/idf/penvs/5.5.5/bin/python /home/miswired/.cache/esphome/idf/frameworks/5.5.5/components/partition_table/check_sizes.py --offset 0x8000 partition --type app /home/miswired/Multiverse/esp-light/.esphome/build/smart-atx/build/partition_table/partition-table.bin /home/miswired/Multiverse/esp-light/.esphome/build/smart-atx/build/smart-atx.bin
smart-atx.bin binary size 0xd7be0 bytes. Smallest app partition is 0x1c0000 bytes. 0xe8420 bytes (52%) free.
[2/5] Performing build step for 'bootloader'[1/1] cd /home/miswired/Multiverse/esp-light/.esphome/build/smart-atx/build/bootloader/esp-idf/esptool_py && /home/miswired/.cache/esphome/idf/penvs/5.5.5/bin/python /home/miswired/.cache/esphome/idf/frameworks/5.5.5/components/partition_table/check_sizes.py --offset 0x8000 bootloader 0x1000 /home/miswired/Multiverse/esp-light/.esphome/build/smart-atx/build/bootloader/bootloader.bin
Bootloader binary size 0x6620 bytes. 0x9e0 bytes (9%) free.
[3/5] No install step for 'bootloader'[4/5] Completed 'bootloader'Running ninja in directory /home/miswired/Multiverse/esp-light/.esphome/build/smart-atx/build
Executing "ninja size"...
[0/2] Re-checking globbed directories...
[0/2] cd /home/miswired/Multiverse/esp-light/.esphome/build/smart-atx/build && /usr/bin/cmake -D "IDF_SIZE_TOOL=/home/miswired/.cache/esphome/idf/penvs/5.5.5/bin/python;-m;esp_idf_size" -D MAP_FILE=/home/miswired/Multiverse/esp-light/.esphome/build/smart-atx/build/smart-atx.map -D OUTPUT_JSON= -P /home/miswired/.cache/esphome/idf/frameworks/5.5.5/tools/cmake/run_size_tool.cmake
┏━━━━━━━━━━━━━━━━━━━━━━━┳━━━━━━━━━━━━━━┳━━━━━━━━━━┳━━━━━━━━━━━━━━━━┳━━━━━━━━━━━━━━━┓
┃ Memory Type/Section   ┃ Used [bytes] ┃ Used [%] ┃ Remain [bytes] ┃ Total [bytes] ┃
┡━━━━━━━━━━━━━━━━━━━━━━━╇━━━━━━━━━━━━━━╇━━━━━━━━━━╇━━━━━━━━━━━━━━━━╇━━━━━━━━━━━━━━━┩
│ Flash Code            │       645944 │          │                │               │
│    .text              │       645944 │          │                │               │
│ Flash Data            │       143972 │          │                │               │
│    .rodata            │       143716 │          │                │               │
│    .appdesc           │          256 │          │                │               │
│ IRAM                  │        77587 │    59.19 │          53485 │        131072 │
│    .text              │        76559 │    58.41 │                │               │
│    .vectors           │         1028 │     0.78 │                │               │
│ DRAM                  │        45744 │    25.31 │         134992 │        180736 │
│    .bss               │        29560 │    16.36 │                │               │
│    .data              │        16024 │     8.87 │                │               │
│    .noinit            │          160 │     0.09 │                │               │
│ RTC SLOW              │           56 │     0.68 │           8136 │          8192 │
│    .force_slow        │           32 │     0.39 │                │               │
│    .rtc_slow_reserved │           24 │     0.29 │                │               │
└───────────────────────┴──────────────┴──────────┴────────────────┴───────────────┘
Total image size: 883559 bytes (.bin may be padded larger)
RAM:   [===       ]  25.3% (used 45744 bytes from 180736 bytes)
Flash: [=====     ]  48.2% (used 883559 bytes from 1835008 bytes)
INFO Creating factory.bin...
INFO Created: /home/miswired/Multiverse/esp-light/.esphome/build/smart-atx/build/firmware.factory.bin
INFO Created: /home/miswired/Multiverse/esp-light/.esphome/build/smart-atx/build/firmware.ota.bin
INFO Created: /home/miswired/Multiverse/esp-light/.esphome/build/smart-atx/build/firmware.elf
INFO Build Info: config_hash=0x3a900b0c build_time_str=2026-09-11 21:35:20 -0400
INFO Successfully compiled program.

# exit=0 elapsed=146s
